NIN,NAME,BENEFITS,ADDRESS,BALANCE,ACC_NAME,DATE
6576079194273411914,51c5c067-c357-483b-bfde-97f4eff205f4,0.8324502723012033,XpplqRGMJUFu,0.5489824927514062,MWWDMYcxquQYYHhtWxMaUrHVOyLiLu,2019-04-16
6808040955564468518,53839755-695b-4270-af57-83ab6c403888,0.24729683469773323,xBzhtWAZnVfN,0.7399288107312731,luBEiFgLjhPyblfEKvGeoaqdPZeZlA,2019-12-12
7526038428745828696,bc5e72da-e9fc-4226-86cd-71382c3dd5a5,0.5301420936257211,YhVkCJUAhogp,0.7951582785526875,gBpOaTVugFZbTSWUUvrBrKodRpTYmZ,2018-06-26
6044470811770099732,379c9e9b-51b1-442c-96d4-308901200126,0.9168316919670494,roFTLWIufHOl,0.4653462172318784,fSdeCcMVIiEsRwErRmtUhBRYLBvDkp,2019-01-09
8407776117687189341,c36e9644-d6ff-4c98-886e-98c1d3f19d39,0.12032772056682983,JXlYYAZpSdmB,0.4469017825787648,lbkpLxyrPENifEifJmNoNWYgKjOcaa,2018-03-23
7147290678568922991,23a0edbe-763c-42a8-a8fb-7f4a158f8d4a,0.9486357218291903,IeERtVYtJUDB,0.857023912462135,zFrZhnjlfdwSoSNewPtYKddWJwmcmz,2019-06-29
7911105979797426003,9ab1ee02-0a57-4c34-95e6-f56ebef728ca,0.6105807066024057,DFlDhgoyLZWC,0.3421977935025631,ErHlxENppTcTQbUtAkcwqUUXwbiMNy,2019-08-07
6667904902154733770,88bcc552-a799-4e00-a3b3-52e571f115a6,0.36802699884046486,mrqSyELTrLkr,0.28136139985632025,EVLZWUjPSLssmRjhJpSKgcQJqkGlxV,2019-08-11
6802863165494219414,b7f25061-8230-4210-bdcc-8c5fb63b2de6,0.2395359204079719,ezsRuUBlwPCl,0.9613653440036125,UDlBkfevCQYTnNNilLYCCxvvaNHqTC,2019-05-29
7762049004181689158,957aaf02-ad91-48f1-910f-79d2b944e484,0.4644950089838523,XnfvjmeWjysW,0.7257688391182561,mGaJzRbFyIonOJunrMHUVyfzXKyNmY,2018-01-28
9214667889446226419,a9c25110-327c-46de-94a2-ba602bad6d67,0.36929672703541616,VkpsxeaQuoNT,0.9403477077450194,hhdlEMUziZanvgomLBsJGbrsLOUkBI,2018-07-13
7086699941136436015,0cc9c3a1-d794-41a3-8840-a6c85b156dd2,0.15772002576630118,curPaKXNKVSp,0.9069155692081925,zSSeFUYynZbTtpgPFAfbwgcSkprdzy,2019-08-02
5317424398776531219,57efded2-7e21-4322-a016-cce07663e59b,0.29816268224221054,rcJMCytODalj,0.30139879574457096,EXhZudQcDaZJfnkZseqlaSMmOnJCRg,2019-03-28
4658172583375407303,bce05cd0-1fc0-466c-bcd7-fa740330fbbf,0.8353786459471672,ocaYZHwnSGUY,0.512711085535081,BMIxgpyypOuDMlOcUwWfRvoJxbYDtl,2019-04-01
6102850100403059950,8aaab11f-bc01-4496-ba35-2678c0f9286b,0.7414677905659348,gLEKtZUZVqDO,0.6089350308526315,vRZoKMpfwLwiUyradoCdPTtnummaRM,2019-07-23
8073363437927337800,57918b2f-adfa-44c1-9efc-1c463bac51eb,0.44220665014134564,xPqgYhMyIYhy,0.6884607567669132,dmZJvZeEFyuPCPvcWRXYtbPWJDbrGk,2019-11-04
6547029254535924315,135363b6-abf5-4bbe-bab6-3b6ba0dc1e68,0.7516668665497495,FHSOyZNwxiQh,0.7717531314130318,CCDzNOXdoMRNTiAVVQNxwfdNPywDpS,2019-01-03
7907433327637050010,04bab5f9-2711-4458-864f-2cf40b572e5a,0.44306938885509006,UScnutgtumOT,0.6552566362048291,hnTmfaxysBaSuIjYQykltDXMyiZBIm,2018-09-21
7498378781258014296,12d89941-d6c7-4c15-b394-16716463c4e4,0.40628031394453623,xTsgCtqoyeBF,0.5928910536551626,KzsqLnnNnNQOoJcscdsxYnIjmbpaLn,2019-07-30
5539555246831857487,f4fa0623-5369-42f3-a7dc-44f17ff2a293,0.7732158478647417,dKaCZWuEyCIu,0.9660902630953438,bgPiQaeSWqWEqTRfWIHfadznLsevRR,2019-01-06
6111231132725354269,61e4a8f4-90be-4fbf-b6d6-11cbfa82340d,0.8781579904069792,GhkhmHCSyZvl,0.647843229590261,gVyUkUFVgfCZGJFXlBcguLCLwONCJv,2019-09-07
8404357832345684620,4dfa992a-17c8-4eac-9a1f-c746c9846f00,0.851390792852145,pcpQDcwhPMDK,0.1490614009416924,ejGFheBIuVBOnbmszhuqPCkxMVNEwL,2019-04-14
7260480970019930752,869372ef-c43d-4a90-93af-93afe2ee36f9,0.90232559757981,PaNdquEPqLZx,0.6830096869786293,VUhtltZEkYMETxwjlZaugVjdwSiXXg,2018-07-29
5341433631049954384,b184829d-a897-4b26-98c6-35df82dbb4b5,0.563150548006325,YyzffEbySFzs,0.45521528555063584,BRbZCZSjYejRFNYiSoiJJVzggqDVDr,2018-11-10
7808163653449350915,e8c7e45a-c5b2-48a5-89d8-1fc20faaf4c2,0.6147016114185209,uYyHZoSWqDTN,0.8905365459661209,uHFMBTaCOFwCnKgOOnEjcruExWuuBp,2019-06-18
5556789720416197957,472e0eb4-0038-46dc-842f-01a33e217411,0.18849607175333327,tveNnrDYFQUs,0.6763100620252072,xgNQpbqTXEbPqrjlJnofvUhNyNvxTy,2019-03-01
6881109177196527496,5d57ce50-c8c6-4684-ab43-0c98022f55b2,0.5953204517277638,kkVivQjspkvk,0.09155944980588537,TwpJCuWqbmfCOHavytxtJSfZVOfgwd,2018-10-15
5837178454540034837,647f8369-2870-4b95-8473-d4e6fbe8a3fc,0.49358013647289556,bBmdCDJYIVYl,0.8489703195822188,epemhAMDRYcXRJTrHZzgrZRBJTRUxn,2018-05-06
5022601350002735640,519fbad9-4164-4e0b-8135-ef2b8a16a347,0.9219618416451782,iaVoAjIBYERN,0.6629118297266477,TEZAiKnfxftccKumdQGgJFusgpgheY,2019-01-09
8497015342713214351,198a87e5-77e4-43a6-a8e6-def5b4534aac,0.6457372030028027,zYrenWIsmcdJ,0.15851707128544046,vjnvFOzVAgapGYImxJxMjnMMZcraRY,2019-08-05
5116477617022254205,64cb2fbf-d0bc-41c3-80f0-53d5fd0128fd,0.18867982912992598,FxaxMYioPnBp,0.648019674656571,uFLIfJgvQhDmLMmgfOcjyExdZUiMFx,2019-08-17
7404364377573993170,68f53010-d09a-4b5d-bf16-0a5f1d859348,0.06579854910319505,WOGYPVjCdArH,0.13817642252150975,OTLxOGvkEdLTPOCpELgaIrVuvaYaFy,2018-09-14
5152762801478454021,3112e27f-f9be-4e56-be49-ba240e0f2f73,0.5832122029974954,KwXTznkRRoyT,0.47531493254545676,xvtcriIQVGZJiAqppNCtSxsleXTZmY,2019-07-15
6576005368279802052,3ec1138e-a384-42fd-856b-f1b9cfdc6133,0.5262842371781852,fmKCNJHmazTF,0.6916710122965682,lUANBTjRUWNwKWXPFEQsvTdLLVzzlf,2018-05-30
5786811553313571473,0e1540df-6d56-4064-9619-6dfcfdfdfb61,0.8378906632720007,YOBpxcfKURFD,0.33122063772045585,SZFKPxnuzzuJxrvjKULuNeOdhkQjLZ,2019-02-09
8194442254097693510,bffb122c-85f8-4c02-abf3-fe921eaf77c2,0.7358050241104488,HUvRvEYyNCLg,0.2147006521903102,qUwRmArRESdPqoktfKCXMkzxrCOreD,2018-11-24
6736421556999672604,6479835e-932b-4be9-a964-62730a712a5e,0.7494694733014647,NwWZwsSMsqRh,0.49393118186801954,XVaRdEyEmLdXErvvjKTRAZEHtlRKKI,2019-03-28
7442598172576335768,4cb1b5d2-b296-4541-a661-aae180baa41d,0.6231453904509808,IFrvVFlhSdrx,0.8163979279556315,PWksSMVFRqrZUFVUMgkfmoRcexfshs,2018-04-07
4898757411016689072,ccb56b1f-5e60-4992-8b0a-4e64afdeef1c,0.22053646899423773,pwkuizsCKGsy,0.8325093114300423,zQoijBomNqwQFoCMhzdoLFJFCvgckf,2019-01-06
7115800878939248511,040ca217-505b-4f77-98c1-4291d50030ec,0.7225199224434296,orSwLLSGAPKv,0.8067710090094297,nQWOuLqPTapScCfMiJcWUIGuErNjUa,2018-04-07
7000661133380546873,168f2110-2aae-4604-a072-59aa579e8dc3,0.20355641648962242,xBidgxdRSsIO,0.963951690061187,rsrenjNIMhPFpVALDFyaVwYlPhErRE,2018-07-12
5529288042654698215,c16e8df8-016b-4989-a083-1f4412b6e383,0.3540751060252212,NVzxJCtsfJws,0.9828197962252665,ZPYuUIwqwlBSjITLjQeaDBrhiSkOOg,2019-01-11
6948889790417003120,cc87c8d9-bbdb-43f5-9cc7-ad3b496253b9,0.9709775644481531,jxSmIGBEgHkP,0.5831406408438569,lyghokuBODzyqMZCrbMrOalJjqixuH,2019-03-03
6962504545497639266,69a0e3c8-03bf-4cd4-9a09-6d4b123b088f,0.24964617564959213,cyfqRZbXbgqb,0.059611983763040666,pZcNTkoxrmERxrhyQUQZirdmVTXAHi,2019-12-19
7629967573235517608,d25ba97f-c8e2-4fa4-b205-0f085b426e34,0.46691257184677415,VxHNoaIzCIVT,0.4751482179246139,bKLaEfTFgDyStoYkKokcitlDniPNOv,2019-10-23
4895011199525757608,8a4df26b-c79e-491b-815a-9c253b74ea47,0.1018917124454789,ermsidZYmhhy,0.7399509891512274,rCRDMfSloFCtTZDBhPxEMvechlrpnU,2018-04-17
5608707220069651228,2be3d0e3-c313-43dc-aca0-b8027381432d,0.4893276940579645,NamgyClVuDPA,0.5128884058923215,HQgVboxEPocLvCZjyYDxtUsDTTHbXu,2019-09-08
6267809581675121895,83a97300-0deb-4f8c-bd8c-3e9c9d1b8b0a,0.8272077541789266,sqtQtivoIktD,0.1733519529872578,lntcMQsKXlslLwTXDUMyRMpgfMTcEc,2018-08-09
9117892969595666467,4bc0b599-5a28-4570-8658-8b971cdf1d22,0.7754314728037339,taAxoRbLYojk,0.6412883321253473,LeCujTGgTywTgsOrVjQDaBEFUDqTYu,2019-04-18
7459442204502336110,cefc91e2-ce85-4cc6-922b-7a6188d7936c,0.391007450432023,keesBAPbBahv,0.7336146791467476,jtfUefqwtJsvtypIOWngrKvneOXWUH,2019-02-27
6401136012054628108,c8406a25-0815-46c7-9733-8ddcd062d396,0.145330560708113,WeCgxGlkWmHd,0.0968376285471656,QLaEBWoYvFlkjNlNhAbIRnUakgncAi,2019-04-19
8187290133304050863,66423317-459b-470a-90e1-841536b0cc48,0.9231162970089797,oFfwcRkZZWXO,0.08532114415274195,ZnrqWkuYpGlqSXYEyLGSYJEhmtehCM,2018-05-06
6777968795502565280,a35a2610-2580-48f8-8377-b0f4ceaacf11,0.5160664246865887,GBpOZQfOnewq,0.12502285528719437,auTLazPfxdnKfnobnpYevMJSeOkLJE,2019-03-18
6695472306284247673,fa68d556-fb94-461b-a2d3-9fbfea32fb68,0.03465705720309609,NwAyAMhUYskc,0.2573998046220395,FxRXhJanjMVXAJPlzZeYPXZZPKlndW,2019-06-13
5886454442527500187,2ad6acd2-c69b-4c7b-8214-c57f08c2fb35,0.4695290585143851,KWsqGhITFDmW,0.7246000484058844,HIfReNkPPnxcWLPfBOrlXORHgLbAOD,2019-10-15
7957995571609550979,a2eda8b1-b3b6-4b28-9b31-7d90a3d94ff0,0.23474179920235028,gTajONicujCA,0.2525375110643405,JHTBWPjxpuIeoYnKFcoWRQOhRwIEVd,2018-05-03
5105278353489510200,f6a82764-ce65-4239-b964-f3792823f677,0.37903093482373884,WzGIDvzZcdFe,0.3361001156742196,HfVhHsaPjLjBERNAosRDWiDMUmYJJQ,2018-11-05
6658043998391188230,ff8e5940-78d0-48da-9e94-16d6c4a14a0f,0.2824035039472047,wfcjCVGzcsFn,0.9255823731135399,jDmqJGxyVkFCTXhzgYRBXWoKlSEspm,2018-03-19
8469152679168612920,78346f51-d78f-4cfd-b8cd-f47ced30a67d,0.1901722571888791,RgOEscVKJSyy,0.9603500326836684,JNogDojSbJKdhZwemyhldaXqhePfZa,2018-07-25
5177478856068236396,69416102-6498-4fcc-88ba-2c3de204c178,0.319874595843065,EGiZdldFTRox,0.6042413213910344,SUJrBJiQEYqAdqPVjdicgVMCywcRAM,2019-09-20
6053622314110591494,4f6bbec4-65e5-47de-a726-16e2e7ea48f2,0.7457210479605001,FZNJkRnxyyLT,0.8979490398829895,sRqptVFiYYKligzsbPspGRACIhuEek,2019-02-23
8531698242130086645,d659cf17-38f4-44b7-b260-d7022d04e320,0.034617851780890385,spudnbOOnJFF,0.665789692225855,DgJqSMJUtVtkFRFlEsYyToXMCJVoYe,2019-12-08
5394544803962520307,e662d310-a0b9-4a1a-863b-55a7ff20b2ce,0.5008224935550064,LOjAjDSkzYtc,0.666325306012303,CbRRmlIOYlykQWlyQdqLuviDvBCLEu,2019-05-18
6294635844850931019,afcd92d3-a3dc-4cd7-9ed0-51902c85c8c8,0.010154584378889275,PtQezgSHvTtU,0.5166532688107047,GrpDwKrnUQuGIDriSvoHqpZYGtVrGK,2019-07-12
6066584324528567013,620407f1-465d-4274-be67-e8f349f9a4bd,0.6225509669949191,MpBFrDnSVpZF,0.7203664471742772,MDOFwmxWpOldwVvHJgWBBWASFzGKKT,2019-08-31
5683952837834558475,7cfd1b76-af18-49ea-b0ff-f85f14f45f5c,0.0557954009658812,xUfvMqtdergN,0.3112623919789216,KraPNXhYkyPYLmAfvDfhHnnSuDgWfV,2019-12-12
6948827786712108615,670552f3-25ab-4069-843e-5024b8b0ad83,0.06827623865175769,CKqcsuEnZxWQ,0.7377537944474274,mJyDlKuWYmQNPVsmXBpFqLplhudBZF,2018-02-24
6716458359533771156,8f03d54b-2746-49af-8630-a7a6564c8e83,0.205632457714384,JVgbNCnfBlzY,0.08053797013985009,kRxzqrShmOQoWuhruNEzIUwTPDLxkS,2018-08-26
6882166767096912718,c8914b02-845a-4faa-9366-9e126324316a,0.24773730237004032,RkaBIYGUeZRI,0.997589904805115,tQTkPNMWRrloPBtxbVGpOMpLoiuSZe,2018-11-12
7421390196559682584,ab92fd16-edc2-40c3-ad50-147e3b0a0509,0.5027828110892373,yBmEjGMIKsAB,0.6819030391779201,cggYHVyPpLTCQXrxcOHStSvvoVshCt,2018-06-24
8480331516687475007,264a1ef4-0acb-4c28-9773-2e4f2267a9ad,0.6075340763438603,ivNSdbbmeDoh,0.12075508212033903,tBdftBjziCzhaMqSmjrumrgqfSIjBI,2019-01-09
5009615681802506494,7c8b0f3f-ae82-406a-a3c1-36d4802096ea,0.3741684986399124,GXlTSsoteHiS,0.14710499886680017,LqscBVDMANTTBILounVHmdhLAXFxho,2018-04-16
7563289389469095890,dacfb09b-e36c-4bc1-a14b-57e2ff1d29d4,0.2450113433124772,wokakXOovLKK,0.2696995687196343,QAKbUdTcoPjehZbchiSlReNKblXrHU,2019-01-31
8572010885574612137,76bed48c-f917-4eeb-9960-206657a9f602,0.9677639468803932,mXGEwMQpMoVu,0.12086620626117128,gZGtDYHXWTKwkRAxQMLmdoEzPKmXii,2018-09-24
8756388545375715766,942427c0-403e-456b-915c-12b581caa7e9,0.1362448814823467,QsUSzqZTGacM,0.11490576207697989,txncjSZDGPsSJLIQWazUpAbmmakyrX,2019-01-26
7582159223909369862,028dd2ad-1fe2-434a-9fae-4263de35f29c,0.1522057554522206,oZCHJNsiZekV,0.11689640724230332,fkCmiVXbJAPrGsqdsftIgLYrjPnaux,2019-10-31
7861111656550457388,eb3a07f6-8c5e-4cb7-9a44-5181ea8815f6,0.6985316029891326,nFtXxAdSAeXD,0.8900306239739135,EQqSApRWUTKozwSnBDxnxxpEluaLAm,2018-09-25
7085980965751865371,72f61852-cc7e-4113-81fc-aed6a2b27d67,0.2123481765160068,fKQQmvLkACEI,0.3007785602727403,rPMVELgskTgEUWpItiYdvhFhqSAkWN,2018-12-01
5142129906047381416,6e651a4a-f03d-4497-abfd-a3e131d8ed1b,0.8943679107233635,FBtyiaMeCFPd,0.8685192388531751,dpbeqjqwhugkIBqcuqfKTiknbRZyQG,2019-04-08
4713049437446234999,e3e43db2-7e3b-4c32-a918-01bcd11b3865,0.43351394938664756,GyTkNopmqiAm,0.23372312914155868,mBHNSdRQeTTnRLtucTPfNzZGeeKgCy,2019-04-19
6398680465869466763,86084a72-7860-4110-92b2-be4b01c34afc,0.3210981196299161,JbmEpAPHNEgF,0.1550675836846177,lAcuPLxmnAUwALurUVRxLLoEdHQEbp,2018-08-08
4988598258443588809,c7f7b3b7-a204-4f33-9f9c-0b1acab88e74,0.977065955911374,slMXqNRiYxUv,0.8284348272980961,tffPCVHQpUoWDbPpsrWwNzuqBqvGTX,2018-08-02
5593259274369691388,6c19dd5b-d575-4e9e-8bae-cc6f26b6c662,0.1266127612968695,EBqeVzwLxaeP,0.8216034333020217,fCqrknMNIHlfCoJZFfWavWhYlAOnbO,2019-12-09
8290720915888943216,d467939a-c537-4bae-9568-5daf2bd915af,0.4566664299177319,RzPkBGRfkglC,0.6837349694425533,JxlkMgdrActSGMSDAGQTLhSvQVGRVF,2019-10-14
8158197127559492859,c1e6497b-90cd-4337-906c-b14dfcd51ce4,0.3454350234146486,ypRPkwUhGxAa,0.8178200308430992,kJQOJywuXqwaWEJXDnqqqqyzJYCeEz,2019-04-17
8202831304333446827,ad3e1cb1-1a55-4e1d-a21d-c49d2a1f3685,0.6124137076776003,FWqJOwSRyZMt,0.6990699787390113,OlYgGYkslVHWLJCsqGXMlobCVFfdTZ,2019-03-04
7169007119859005390,3277b0fb-d807-4e9e-a030-cf5ed12fc7a4,0.5648951044346588,HxgUGFNwDcJg,0.20764575141732589,UxJCbnGzlSQenCotRoOWsGlXoUACgO,2019-04-04
7622416826544810622,b15d64fd-6c70-4e71-b6c5-72b59451e2c4,0.17750098080298748,XFllVYpXOlaD,0.34430915903005965,LFstJixBvHHwRnArMsnMeTNPMlRUOD,2018-07-24
5179782559951995050,4a7a6d6b-ca8e-493a-8030-2569381c404e,0.7922761860359175,WqGvJMQvDDPS,0.824946857851737,pOHIoBJSMFKUaGgBUDtBnwwpwOBeXl,2019-09-06
5886760846704350348,8cc516c7-c1c9-4458-be23-7bef4077c578,0.8255542962147704,hKcMShJavNkZ,0.13827011981993076,ZxAKtoLqaJmhUWXOsIgkwltiXgNYHk,2019-12-10
6480124903073121217,aa69368f-bd9d-463b-b817-8f0ed5636d15,0.3694742320376855,MDaMflqEMJWc,0.6442570816713402,fTSFFbHTFhJSAWlhnndUUaVcxFdcYl,2018-01-17
6314278924355753956,1639bfd2-e928-4cc0-8cdc-9a31293dea18,0.9294521656698762,rtMHJwmuTSaK,0.21890369098963902,HDVBBbzTgXKDOWfdbjwcXQsPPxFJww,2018-12-14
9031982845745901240,ddb529bf-a62c-4a2b-b755-03f796387d15,0.5684884539419189,coJXLAKEYgHp,0.2850461041273069,cCGCEhqmpLiRxqLGAxiiTHgADElQDC,2018-07-23
8694655447775213875,c1ced00a-f49b-4081-9d72-81a5cef0a5c8,0.17391104140994684,plilvrcfBqDc,0.18898969162829715,HRkWDtmcRpzWIfgwTvtgCbzfPULiQb,2018-09-20
5119290471505746617,c95954a0-c562-406c-b339-880ae573ac2a,0.5908860277130551,IbJozGSYyOYh,0.26785952764843346,NZIQQJchmNrdFNrRkOeKYlIcrVWgFt,2019-03-27
6877725283207991025,780acb61-76d4-484e-bb03-f9d5eb5892c5,0.34598127579979454,HPMNYwgBWRkK,0.8731275407697981,OcBJGRleUvRGoAsViDPfYzjIOcuwxS,2019-02-05
7907750009832774259,911d1202-1d3e-437c-8285-621130840eb6,0.13323029770560968,catrvQcKBnHo,0.5239204799083235,rKJbAVoRaODqPhXGXjhlYoaZlTGwRi,2019-08-12
7636468761747508126,8060d982-eafe-4438-a7ef-6c339c203ef5,0.8735480685781584,gQCpTTExOedX,0.40702207421477477,qBFNhfzZjtrLHXMUnoMnLdfrvbpoqT,2018-11-29
4663009750640154419,ae152585-aea2-43d8-911e-ec04c2b42678,0.06926491526340761,NfopZudZaWcH,0.44580837518955196,faoeDLRPgYSYUThrfaBOgFjZDwCQyX,2018-02-26
5541441056885323878,16e00477-3ef8-4c7c-ba4d-f831e2b8853d,0.4881243049578382,nBwmJDNjPuYj,0.990061915282722,GtSBpvFrNfMvwKDvkUjnmXmhqxXKGd,2019-08-18
4878444394811845117,0045b9b6-53b6-4e2a-a7bc-7f3b36fde107,0.6524630242868027,hKXFGJPMOOwI,0.2608492266899578,FayGjjHhinMGlrUuIEPfMgwNWwiZAB,2019-11-01
6264613076017110596,04fa0150-eacd-48b1-a438-cca601043979,0.8874797737401855,NKchQezJlRLk,0.442098147742081,RdWbOeadvapDNYzSDsztumNqVzSVjA,2018-05-07
5086083987616049159,48da6712-19b7-4b50-a9bd-efb62cc4a964,0.046039723701084445,PPZDclLJemmM,0.17794341525977253,CJHJHHQXOaWKTFFjatTTHlUWyClZnl,2019-06-02
9151803107576751503,b78c1e3f-931a-4cc7-8dda-0de05fdb7a64,0.12938560877453464,UQpJZyuKEqiH,0.37931610563789075,PHhjwJeVezsmagiICspCNLEoZBvbYp,2019-09-22
6830981890124749209,cecedaee-e27c-47d8-bcfb-dc632c4348f4,0.49295143819633425,DteewKIDKycE,0.3728835875037264,NBmDWEGRyeASqMlZSzImETIKuLAFOh,2019-07-03
5703505095243968105,af1e6b25-9632-49ba-87fd-101178553ec8,0.3261869138602488,VaRueUNbukHz,0.2827854456105183,ByGquMPtDoQspKDgTemFXlqMKCXKGi,2018-01-15
5432985754879256770,59f46312-3600-4f6c-80ec-d26a8ba0df7f,0.4746382525030217,JVEsYotCGEdU,0.5717990285984872,zVLbTKdiaZAQfmFngfCVhTjEHxsYuz,2019-09-24
7587268628505911873,e065960c-e9e9-46b6-9bca-c468f700e685,0.026647249217747526,tzEzTzThwpJR,0.14640118204885666,XthjrTVKNTOfEnyHictKfvAZJwJjMy,2018-07-03
7409034559674878233,85d75970-ae6e-4d3d-be4a-c46cd9941923,0.44234918468411677,ZJVeZGKAZwGh,0.297535418889334,SWVWjhHHcUQUAuqVNOBbGPiQqVwPWa,2018-11-05
9221712273302797312,9801a26a-a364-4fa3-acc8-f12dc36570e7,0.2727477327642498,UdgoLdObUkzU,0.2272356730822317,nAOtnmqqHvkdlBvXrgqsRVEaHrFRnU,2019-02-23
8097714809176199395,26a73241-f69b-4dac-8958-e01c982f247b,0.8365131322369295,AstNWNpgcLhg,0.04111240260309079,RPrubUOdHCpCafXtLwHdlwqjJhlmbC,2019-01-21
7596539928227256841,1bb1bfab-f9f1-4c28-8688-89f955c585c5,0.04879433232964425,LDqqzbnggIxF,0.9973795049838102,DBBhNfiJENLsVrXjKkSzLGWWPvmGgs,2019-01-16
4773549434791984712,3d54ddef-0837-40f0-b028-70badacc5899,0.12721283793405358,YiOMNxxMrtyy,0.8900908820161588,yXZyemFMcueRGwkCpTGkBwloMBDykK,2018-12-18
8225411474667275416,b51167e5-20b6-4a78-a08d-e23bd639a60c,0.38438600516676247,fqmnaEclKVBq,0.2640409834033358,WButPFbGUYRIBYiJfDOUhbXyUNeFfC,2018-09-06
5182985410978422717,5e9de767-f697-42c2-8823-0549b3e2bfdb,0.03591445508901503,XNJukrhDVWPI,0.21612406282821017,jNUfFjuxSuqWaSWWTPTopRrNzajRXe,2018-04-23
6392509730422729569,ae9351ce-0fba-4b3c-b8f6-33e5141e68ee,0.4012477684465807,vDjKTUnNwphA,0.9770782854093453,JpkKPGbjQMWIPjWxNNwMtqwMGaYaKZ,2019-07-14
4830133020009708251,39a038b3-7407-4567-bc0a-1fccd58afaf4,0.13028738430106668,uzSbsbhSVaGJ,0.5196955410232815,xOdxYeTBvldZxQGyMunRUCsMFDjowS,2018-04-27
4980729454835703987,abad8146-1a55-4efe-a194-e2ac8f478845,0.37777291273517677,JkAiKUOVCcUf,0.9771919406051233,IRJuVWcYIhpwDbDivKtfiVMPzrcoeE,2019-06-15
7575168514884642934,69606e66-e206-4f77-b40e-dfe772f24cd4,0.03977681696964297,sDlEPLIRCOlc,0.8749205825838587,RWYXFpGpYDdQuFsTuqWFvMGvhxMWXw,2019-07-22
6122597479267264075,1b3e58cd-2064-452f-9831-345f646d26ae,0.2249480928554256,pbdWugdjncYK,0.6840027325187069,KRGQaCIGibsAdTeGlHOCGRfvjGttwP,2018-02-05
7303211422640113120,a3de53cb-80f1-4576-8ae1-c00e5c7cfe86,0.39264754126173584,IBKHpVaHybzp,0.33368540465296115,PQcMCKTWJTHTqnRlLNlQesqEEaDirB,2019-03-06
5448752817906039721,5fbb65e1-e1ba-4d50-a266-dbe821e7dedd,0.8447209504299593,EGIdrWovDqWd,0.24451371391935472,zurPhtdzkBnMJAQAbeJimcDJVmZWvp,2018-04-05
6101894567261191045,b38fc5e9-6c6a-4cef-949d-aad32a3e2d55,0.7089872463089981,bwYvitpopqqT,0.2386681725319847,yuhPpqyOAkbWsrkKrHPZswqHdCUKON,2019-02-27
5000943890650580170,556d7d55-349c-4b77-93e5-d3f50b009afd,0.9147223559503767,cCZZgtnFzfZP,0.6727332326601946,PtcsdrYyxssKuNFhWBoSRyePqdUROM,2019-07-15
6777907639351758649,1f584670-940d-451f-a5bc-e5dd2b023979,0.8217691400108313,EWfSIUmeBkQA,0.8846617636728369,uAzqQwwnJtztTggvHJsreRgLhuEGPc,2018-05-12
6193930800679298397,98165348-c2a9-44de-ab41-273c34be6542,0.5779608376337064,ulAqWYLEWuFq,0.7216497376175169,bPLnHTbpibCkOyuRybUwdmgscdzWpD,2018-01-24
8517162182937799552,41ed315f-a474-46e3-b6af-06761f8b414b,0.9175492176786406,RYAINoAucaIs,0.21090195118584754,eNoOFVIRoWNnbCDNntbKdmdXjbkDnx,2018-12-29
5824471807899958965,c63144df-d7de-40c9-84ba-1421317cef94,0.11796871626223993,puMswJzkUkEE,0.351600848908579,WjNPmRjZEfVtJaEKAnglDhZKuuNrbd,2018-10-26
4901884018314492386,1ac57681-f974-4aa8-ae5e-4450f3ac9d3e,0.2156512140979192,zmSkxhJPdwCw,0.24631708476560832,zWBhbxrppbugzOxnhshFUtsegSdnuj,2019-08-27
7031463905174199193,7c9184c3-7ea9-41e2-af24-4b2093f4df2f,0.47069598602377594,emaXVUhEDlbW,0.9628173267693877,mMKRGJkWvMWdEopwSCTkTCkMCCIyNr,2019-04-06
5037881012274152931,fd215955-064f-4bad-b6c2-3d87f1b99e34,0.20078137103126137,rhkxcuXnODec,0.8312864204334257,nNLtCTfArWFDXxXbSDqrMUHHzTFDBM,2018-06-20
4713347962460941180,0e28a653-a625-4735-afd3-47e57f4b11ca,0.7406291077820097,rLGaanzhhWaT,0.7203115227424955,CDMxBAtuUwhXlAKMcrTuCFbZqZwDtu,2019-11-19
5634051705090379702,f41c2011-54b3-4d82-8bf3-36726a05e754,0.6668909601320024,bFayTOxNWgwH,0.1683480643451557,uVPgjYejMJhRSsqKRtcpcMrTImQaHa,2018-01-03
7760775756705217960,f1144f25-2f50-4b91-8a5c-047ff8262899,0.8084601474211776,HFNpsMOFUTmD,0.9846770393206556,HDqmdTLaJBxyHqduWhgMuIjdMfBTEC,2019-04-06
5699992289292978710,14f4ff61-1d29-4afc-bc7b-abc27d2c6d03,0.7160208570018083,UYaAllTadpid,0.4085977526864596,lexAuqMIAYVYeyrTzLnAiyErsoRAcU,2019-07-24
9183658114304756925,81f9f353-1c65-4f8d-a4d6-233ce7d0d42b,0.45806927717639123,ttiXjaDsYfKw,0.2606984301793991,CCObzMTjmgMKywVIwLGgvIwcMQJQkG,2019-02-28
8012580351252804955,8e47a9a7-bff1-49b1-b6cc-eda6450553f8,0.1534684289287246,hwEhcqFxwmEj,0.3525367834499207,JxLJidaLhFpEmsBZbkvKPJlILQPBEV,2019-08-24
5664234242132041651,e8bb5645-f81a-41b8-911a-d55eb39265f5,0.9493626886458614,ZyqtMQNvQkAF,0.722854344943998,IVncbYSZAMGeXVTeGlyewditxchmre,2019-09-12
9155812344157304098,96022a1d-e0a4-4fe1-a972-b533a8ee6f0c,0.19000394234351203,eCeMkPKAMdqb,0.7632744825415191,FAnFojdCdwNYYAEBxpyRVzeUqwjBHV,2019-03-01
7449548306633367126,81e87a0f-abe6-4b80-9eb1-8d30fe278340,0.38430991409100046,BDOMHliiSMUi,0.6575180595166433,OzPNciiSdgwepbvqhgozzLlDDfpXZw,2018-11-20
4620118097789569732,8dbc9d78-c2e1-4882-815f-a7c14b4ce4eb,0.054937814171517885,geMxQcnsiCzB,0.8478707394154114,kBtEQngRqCsXxuJHADTpcqMfYkAJZG,2019-02-11
5872357955617659517,5c86297d-6914-4a4f-92fd-9508485cf19e,0.5259261660591756,AnAPVCKyhQsK,0.3905415585574967,ypgsyAeMifjOzFQyNXVgpQaZxOROLY,2019-09-03
4807452324846537276,ea4137e6-628a-4ad2-a4bd-ff36985b802a,0.2694258688612735,aLQqeIPAjATW,0.5173545687640984,JwZqIUUAkzZJjpSWUfPNsppELCShVw,2018-05-07
4620224560441278958,0cc79ee9-7758-413e-ad2a-7c8070c2e170,0.4705814855331454,HFpEKjZWXxSW,0.41411358960926536,hXGtCzIJSxhdVLrHtWskNPOlpyKvzq,2019-12-20
7160687604024447849,a921042f-7de9-46e7-a678-b19bfbaa958a,0.7435561211256895,GHPvLwVmitSW,0.5390642797208279,DBqbhiYYciIoyYOJEEjSNpGNtcsaqk,2018-03-16
9161919046146513782,c0822eaf-09b4-4a1b-ac99-9c60837fe0be,0.8645665151334975,bFxKyuzigaBc,0.020648632768194508,qaPWsRZYXCSHVDZMLrNnolSZfGeeET,2019-01-04
8537289237583874346,c012ba48-d4f4-4acc-a759-0653ef8d0145,0.36721614456446416,CLZhMLTAGvXD,0.5339382013555015,uFlAYjljeiCdngFERMTiqAbEusyUYU,2018-08-07
5675489684286712550,ba2574af-2a04-4a7e-bcd8-199b16034fad,0.8917187237702429,hYPmlGslNmpQ,0.09396900308626854,NoUPWUeSulrYJMBewJUFzVyGsFQoUi,2018-03-21
6281966717660539318,49cbbd98-25ac-47a0-ab75-a714dbc76a51,0.8317779189486685,YeHONRKFYVdi,0.7887094045647346,DivrhLuUoMVWbRPWZBdOnoVwEzKoRX,2018-12-22
7765022621065200171,416a2d3b-6b55-47b4-aca2-5a662d2836b0,0.477384091910084,UuXaoCYJAIkc,0.7229465181068313,GHKfggbWOvSiDPrKMTOPXNXvNSROkU,2019-10-24
6147943444179951320,f95d139e-7b51-4e76-b1eb-634645c0c362,0.4205576765455967,NKlIOgFDUAjV,0.23932109325135031,aIyLkefokqVoTOOhZnfLfxSLaIaoPA,2019-12-11
4966937348819092643,6c2bb1cb-40dc-48e4-8be1-f5327639e8a7,0.9615606570657408,TgbiJNEzjyrT,0.03514866630553892,pXnemlWswgJsWiuqKqyzdFUCljijdm,2019-08-14
5287092151710422791,fe0b2f71-7468-4423-9eb8-7c611cc2f9ce,0.3520265362967909,UnwfsNyPTcWT,0.7258505386080006,mVKBtfRCtzSWjlyqaVVMOrdJtXurdb,2018-09-22
6566425097094084272,4e23df07-0a67-46d2-811a-42ef43ebfacd,0.7958201657949958,OZxTKsNXjCYe,0.5564980834886499,svcbOkntNcjSNtkirFicVNcQlhpthL,2018-11-01
4827561375331549124,9efaa1dd-8605-420b-82b9-455568d74d84,0.9318013442836562,nyiUnfMhGGTj,0.3096311166761698,ForxxiTVVYSEIlRiBqcbihvgdyuPOn,2019-03-23
8136128423411845701,9160f6fc-d320-4271-8e9a-655bd3c9e7ff,0.509129983622174,aYdwTsydkgiw,0.7131788346011128,PXCahNwADzqdUjHAONEPbXcZIhMDvV,2018-12-31
8804376619427648265,ef8485ae-e947-4f18-ac90-a54d6b1d36ba,0.8069966940663686,IhWKkmDLvtji,0.03677150147502872,OYvqrVMLmBPaLKQyzyTUFHkJvdqSkN,2018-07-17
5647643295260991945,7af43649-9968-465c-abde-a4666a2be610,0.06385867428489378,MiudzmEqWwHb,0.6925357395140099,hVseVlLklGRXVZJlLFsXVJsdfZuzNZ,2019-09-07
7100146890731716616,79afafb1-4815-4af2-a5e3-7fd4aba70274,0.43255731219926385,LnKHkOiXJHdP,0.7352080072502226,KfRpBPhfxhjVuJcuUipJbpsZwucNQf,2018-04-18
6560672369972650835,e8fae260-826b-4bdf-a56f-b38369b5f872,0.909881623358824,kSVHmwHNUXSs,0.5845149246427591,iFtBINkuEObsNSkkQsWORtrtSKeSuH,2018-05-01
4736072698508552563,7c537128-8ec2-4f63-a6a1-cd0bfb0f734e,0.32864771120417535,XBkOZlAeodtW,0.8449108336132687,ITkaitUezfIfAHCiQpAiXxQTTzkpdC,2019-11-18
8022953481996358501,520d0c36-1da2-4a44-a47f-39f03a306619,0.6662236097024009,HMKmyvEnvMuI,0.3460702801422263,pIqGMpNNXBYoSoEoQNcMZuNRLUFQGM,2018-08-20
8285827362151803496,f3c70150-e8e2-4b6e-9720-20b56b7c527b,0.1602720188744131,IvGIkEYauLwP,0.6821615142873554,hDZGSisBatwzfnWrUwyOlDbrELahyo,2018-12-05
6911469353908664872,62bd2b62-ded1-4bfe-bfc5-d45aa50d335e,0.33967157994274544,PxIzObXilhHN,0.6518763425086193,jMUzDDJiMiIOqHCGwDucBujSmoHftN,2018-01-11
5018834495714513289,2fafeacd-c919-4619-86ef-331f269213b3,0.9866493027146357,JZTvAgeKONYS,0.9709891823375759,FWgVGOayTAZcyppvJzggdfENeDDzAO,2019-11-23
9008038317903276449,579af9ca-27c8-4339-97fc-6e7f987819a5,0.7980789090789223,HrjvHZSEiooK,0.13656944242759428,EvmcwqnTnMXcFNNYFvIqVFizSKCTbO,2018-11-24
8218958259039228225,3d7db6c8-475e-4a7f-9cba-6424803bfc5c,0.9780329072792667,NizlhGXkCPtC,0.1207168327761875,NDHuTGShWKQShQmDqwlCZGziHYwxmI,2018-01-31
7158076501353923768,11a1ea70-7583-4e49-9f92-a135d8d69555,0.6346749561056972,uWZGlYyViUcw,0.8864097913245017,ASXKryMOhUGomewCXvXLUmRssjcQNi,2019-11-06
7581750863784469606,6e2a594e-2562-4de6-9862-c93216e3c43e,0.6288922750875258,XfBzLzvyxlkw,0.40195427408296325,nOpsAljSJZeVQRTKEoBKKfOjHhphRs,2018-08-26
7956656360678331227,0beaa2ed-fdf8-4eaf-9e78-7b941544cabc,0.005710428272842738,hhxJFwCWqXmD,0.15341510193412677,HjhPjCkZfNoMbEqEDOgOzaesKDbHib,2018-12-16
6946254807162412553,ad6d5d2e-76e3-4b45-a8f2-67cea5fb2bfd,0.29158895008926344,ATDtjgcQBrEs,0.7862409079969233,JjhFxMCJGdesZGwBZlEFLLxFZlLkko,2019-07-02
5159591147699308763,09f645e4-9cac-462a-b4d6-9305ab055cf3,0.560457951924534,DXWDlyTNzdgJ,0.8867829584472396,qEBdeHNzpqmZVRnoAOLPHhaRijWVWn,2019-11-09
5589917452753426708,c97e0104-f13d-4236-a7d1-f4c5f19730cc,0.23437633390235713,waNWSreVIioL,0.8108288087412331,BaBOQzotbkHuQLjDReNGxypzJmtNfJ,2019-08-28
5129355366056713048,23227cfa-74d7-4ed8-a0a1-ce9c18be62e1,0.3465607158447519,uUvbcnxedkrH,0.22793806453179677,YaMHmxlHlyCBKwjxOgjqgFJiyjrTqJ,2019-08-21
8227850914083815569,cf253580-bb73-4598-88bd-0b203ffa5f20,0.9090558786684833,mSERzqJCALCj,0.5080506002386862,QEkpoSOHgFziFjARYQyduJPWZGtEQm,2019-02-21
8694721150898004049,64a203d1-15d2-4d7a-a2f3-04c1ad231949,0.21288787531798437,iRCGsmhtZwhu,0.18108267734755512,UmmkCiFOzRIZwcoUtGtSyPvRrJkLyC,2018-02-09
8633661069785881257,9ad6ff49-cb49-4acc-95f5-8b6d85296557,0.7884421494871665,HZemwYlwXeIV,0.38944298005462297,rsxcZVqoWjysxuIwbJsCaoDZnwaxLj,2019-05-08
7930494682599497990,5dfcea2d-16b6-4ddd-b5a8-4ea7962cc332,0.777712700349303,tztkxbtCkNmk,0.6373004229394331,ifHilINjbjyUJPfyzRYkShTUsLZCJZ,2018-07-15
6185780736516881683,180c13ca-0ef3-40cb-bf82-2efd2147e25c,0.7757098085338895,qRYVDZQlXYLC,0.5430795426706062,zyyVyiwrJTzqPYStaGUXcMONdiCZvM,2019-09-04
6586901328231100997,e6aac5c6-3e53-4939-a344-81e10b99792f,0.929236337373908,WZXaeTVHECLm,0.7881235681598306,MmeHtvljLvdEZphLozOJMeBJKIbLVs,2018-11-24
8038755795423571099,3c0311b7-f42d-4ac2-a2d2-29be21537682,0.2873905687166771,iBfPElntEEgJ,0.8938977710327801,JvJKTWWHecdabSsmykgiPbxypGaXGf,2019-08-13
5095952144238919015,af4d2a7d-2f31-47de-ba28-31fe53c66dd1,0.37120786391983285,HnVJjNUxORTh,0.3331347451558081,QOckSxZdtBcQtKEtcqqYGQboXiJDkM,2018-11-15
7413991694229965898,86bf6817-aa94-492e-8a1f-7dc2c10effb9,0.28600942429602205,KcOLgVBmgCno,0.6776808508079766,BSYcGBtjwAyAGHsULABOXwuzrLAajx,2019-01-05
8365502616998260363,a9c5be59-4b8c-4d72-990a-3b52c8f7a70f,0.30649561054860663,ZwrwVLPZZiNO,0.630236887681203,PhEPmWErDPIavDkoAGkOOIBlireQBh,2018-11-08
4841503502808497914,9624238b-d0b9-4c38-ba52-48c87d7c872d,0.4807814050883319,MXyMgbAtZUaw,0.7191721095572113,CQuImLQsbgPlLnpEqkZidYDWIumkXO,2018-10-10
8497180380343534629,91676065-a95a-41e1-b905-f4376d3c1ff0,0.16263623251079584,wfKoDFmOmrmf,0.9840720485742372,KrCPQBmdgVMdslKaLvrNrAYTDMjnrZ,2018-03-21
7236348015229738171,9053f641-b9c2-42f4-8c76-5c0e8fa7ee2d,0.3255190638334057,KcnLSgiyCDLa,0.9783237054556899,GrRfaFOWhYexTcBFnrbmgevNBOAJfl,2019-03-03
7837072068999057075,c3f8b6dc-b67b-4b4f-9a96-d18781619f68,0.42031908380060745,tgNCkpCAJssI,0.309215242972927,FrRDcmXXOWObNEbYQViVRtuWQVFFFD,2019-11-01
7340594885054801889,985890b7-d493-47e2-b444-4db6c84b1a46,0.755253659872457,XBlBVVPuCXgq,0.33829101815560003,XqefedPdiRrWZLFqHuWoShefgbZnwn,2019-07-24
5628661838520929987,efcc80e1-e06e-4924-b2d0-f705e031026d,0.07959059058471007,UKDVJMfakdOZ,0.49208356025749345,kgUBymdReDUGtaKrDbFtLvtLRTEMhR,2019-11-26
8428454263814700242,c0b2d0fc-e29d-483e-a524-0decf313c8b5,0.40607834583610225,FvDxXGOTGOtH,0.20313572742242858,LEJQYnSeHdAFSjwaEpRDeqxPXWWgtW,2019-06-11
8247863312285014103,5ca5e1f7-59aa-4017-bb12-7feea867146f,0.7222542823099125,CoXNPXoUBCpT,0.7337224803298547,TYqEnNbHdHCqxMhWTUwDDpLDSqqnoa,2019-05-17
4909467441803035333,97496b5a-abaa-4244-ab5d-e742fd9859c5,0.013861174387240771,HSQvwJnWGVTY,0.9291539658164627,hokXcDXBRpjwvDUBCgqWHGQyypDpxX,2019-08-08
5692649368546645378,990dc877-cc76-403d-beff-a9c5c8145b48,0.65979626117243,ZczxuevMzOKT,0.5186734735989174,OtEaezCdmxUdSzUXhvxKZCbTwjWClR,2019-05-06
7827890363991045795,cc446d7b-d6bc-4acf-ac82-6b0df8295498,0.2352391755165737,eyLoiBaBstVB,0.7847109779013527,xpPFBJMiWPSiqAADJyrOxCOEGdXepP,2018-06-13
8304059801952180005,47f7c66f-1c3d-4e37-92c2-7839ee0059d8,0.06404480792493505,ywOeaofHDtwQ,0.5312072467724767,VLiikRXlYnhTsrFkNwygQYpjPGudyn,2019-12-29
5666553061281775178,0f58f4e9-e6d0-4b51-b0a1-6dca0c73214b,0.7381769402029486,ebXmKAXXeLjM,0.7838098071131115,DyWGwFPAvtjDujDykPUGwyfWmAtDIM,2019-12-10
8438590388203797903,7db79b99-bbf3-48da-b67e-342324e80258,0.8634745269063209,lcqVBkziBnPD,0.8577039308658122,NjAXmxWsHpJhSUnEjCYOEpJONGhLGy,2019-01-21
6106063420144598080,d8df5cac-39f2-4c2d-9b29-b2a5a5876c8f,0.8886712258380112,aXaZCgdQvQnJ,0.9724303598145446,bwoGLwJbQSjpWEtWjUliHBFeJQxqls,2019-04-18
6694968703843826908,392874f9-2eb4-4504-9289-dc7c6de03c79,0.052239746350576155,ycyurPxubCvd,0.6353823404933588,HWaJCBqvGcmOPJWTWJqscXTWPzDEgr,2018-07-03
6778817726410215780,7051b85c-982e-44e4-9e27-9537028b3c5d,0.7096257359760406,tUQcdqMrvlgn,0.9525304290567683,KQCUgLxCjJkKDimDjPjAnxbuwShKjT,2019-07-21
5117027750636003953,1de3509c-dc9a-45f4-9503-6e4c484367fc,0.777200359703734,mVfPEjLRoEYq,0.19776163077939446,JKWBojeMCuGbDCDKvppmKbGWqBtsan,2018-02-15
7430569023671149387,831bea6c-9179-4f22-b22d-336616503419,0.8651951509047252,lNufRDoOHdzU,0.15070958568486859,UKUHOwcZgEFftvYxKiGtzCWDaXyppI,2018-06-17
6543490121925328321,65381f48-334a-4dff-918b-ddbbdb9024f6,0.13738250279636965,mKVschuanKag,0.6051485838057173,ZgTufvLPiySajUDwaUVVtaBFULMZpc,2019-03-22
5518877078520391840,e9c967e1-0ad0-4b59-bfdb-75b65813250c,0.4784126362482869,MJZRAiTMrXDb,0.5420165108444371,WkbMpZMqHUlmFhDQtmQQBYMZalDxVK,2018-10-17
7780344244346233244,c9ac7a3f-d677-48e2-b13b-203dbe67b077,0.9185431557429081,jDzQWXiUGcdg,0.8987134745023015,MyPDxnkaNqcpiIMkZPgwhzQSgBvsyI,2019-11-29
6347163115613458670,0fa167d4-a9fd-4001-b371-9bf165f4347c,0.5976137615770715,bGAhBPnjcGgT,0.796821605558064,svAXygMlllhdGdkbGCrzchEoTWUzLb,2018-03-06
7065276640001943702,f2efc4ec-ef81-40d3-8ba8-d792fc5e0801,0.9240801422690523,rJiVookCRtFk,0.05916633832828011,ViWVEXWSCmsrGlGHZYHqOGDDlJkEpz,2019-05-08
8802398668190243125,f1e76f06-7f7f-4aec-90ab-59376bb5c78f,0.9376292359353385,rFMlhcekfsCm,0.550542906606711,FsaOiypgrSznaTAxNXLfFiSSqdPTyC,2018-03-07
8509035427336875870,603ade00-01bd-423f-b157-cd9febbcb4fb,0.33770080411937176,bISGXBOxLxRc,0.18442728530111308,jyeypGGswHsSpPulwEVDrAOwdVADtc,2019-06-20
6327696605484308046,dd8061e9-6dc9-4605-960a-25ecab70d2a2,0.05626227394641137,dmlVhQUvSphy,0.8757402088298553,ImXAWITvXtDaxAlfsaHOCRDemYcAQm,2019-05-07
4717102665417073913,008ae0f7-be8a-489b-b37a-6e63c2de7e90,0.5696569285927534,LJshssDdGZfu,0.16710550375881417,rsbFkpNWfILhTiqhTknayjYrUIsYyo,2018-05-09
7019708261399193216,431a4999-0cf5-4522-8db3-21f7030c478c,0.07074873924812664,hMhNQnNfwdJn,0.5027983780505321,TtNngyRjBbYtbynZayojeBINrRwfka,2018-10-02
8241044130220802585,e563a297-4220-4fd7-9288-828efe3c1059,0.6164173317496158,GSKHnXWnxjgj,0.2582597679898855,DPeGYJvAzKGbiQWeWHslqLWippNxcU,2019-06-11
8248212122293422463,ec78632d-eb7c-42c8-b576-f4888d8b1350,0.9730686993735572,IgbdCmyYaWPB,0.6767681195224888,scjLVtRtLrVFIxYynzBYsXEFBggKud,2019-02-18
8352185599160454541,45611cc7-b697-4425-8c72-8ad064784b9e,0.042671765927007055,veEvgLjLpySR,0.9532217585159439,rSrFbVnaSvXHFgXgdWmtpbeDgCvnEX,2018-03-01
8931484684686682509,66065d88-3583-4ec5-9401-b9003fefe9dc,0.5952219115549676,jEuXsZVEakMb,0.391846110488263,hBHWhebLzIsmkrEONmTjqncDRJTsgL,2018-02-21
8481452437453637800,13f839ba-21fc-4dc6-addb-6c9f5e052408,0.797552845628766,EiyGMTFUqHGS,0.48941694025723503,KTLEKthryzhqwSwLyQevzZTKMZQXMU,2019-02-15
5946002849939350594,515029b4-0941-4679-abf1-3c7bee1c2fa0,0.5737931400309192,kowqhQiRSyqq,0.7240963142408606,ufxQdZxlDFzHxEAmjBVbKZZllTlbLO,2018-06-09
5058752988854083128,f4790695-efe3-48c8-b88a-a5787cf81e02,0.9737741003535493,kGfTynyAmuaw,0.24554691017241093,QhcUWYTTIYOrqSNVPyNmRKAKJjSDyq,2018-10-25
5631490184244392715,1b4423d5-7734-4d09-a6d1-f6c41e5efb44,0.04784402054770931,yQOOplYIXktb,0.8014282687397142,UwYstKufcSdWqqCEzmPBhdeoobqqbF,2019-04-25
6625023931752700896,4decaa52-6148-4cf5-9fc4-c72b1c8f38a6,0.28658452209348295,wPKocqfkaSsV,0.4330188056489974,LHmSriRKcAUVVraDvaApFLCqrZhiYg,2018-05-18
8025664905552233426,4ec6df19-32b1-4fe3-9492-c825a58579fd,0.955472967270204,IJIHSgSWbOIp,0.8945991962894729,wMKyYmBBwKucOjqOXUxAEmcTRQLEHQ,2018-03-28
4657461053276208811,e9709c79-c299-440a-9461-057e4d6486c6,0.3013201916471424,EzPlWUySQCxz,0.07025719354798865,zovaTUrPxbpfqsiCBpKyjWAsjRoqbR,2019-07-21
6770473402249925265,b74c5672-14d8-4103-b1d5-b9087aad51f6,0.13485830157026446,RKkSVTFBIzxB,0.9431966049577574,tWMdWANtCUqwTHdWbSlXtPwXycfEHs,2019-11-24
8988423514438509354,b4447970-d45e-4193-9b8c-e96a244bd4c5,0.3490888823596562,vsqiJoJCaQOt,0.7083974350096914,WnTBzByZjvZZMWTuksRhBYpowSyrWZ,2018-11-05
6554509917024426812,89ed9f2d-8021-4d15-8c28-c17030d33c46,0.9901232320714702,LTENaabMKLfr,0.16825271750909077,TScRHMvhcbBwGCHrPnmSDhoPgrOUzf,2019-02-09
4708574510866197696,e9ba1298-fea4-4403-8d14-4d2473a1b11e,0.8868234815858479,YAVPoWxPRVNk,0.40959337788110983,uZuzqFkOsrKYPBqZeBLTjbpfHvEmHb,2018-07-23
6826654276790871247,1a168114-c78c-4845-a068-8efb67074b7c,0.5526927366622245,pFNMYPaPBAHK,0.31229217640095375,oQkeTVLUVmFlRmHcUrpUfszUihlwZF,2019-05-07
4785382825441264113,26fa8a0c-aa2a-4641-b0c2-2ecd5f953b67,0.44953004716098055,FVQTMJxWOEjh,0.2904095650099098,qrgwSlUMMQjXGwLZiKwrbqaHnyeYdC,2018-09-01
9005530036316427380,be5abdf0-e3e8-45df-84eb-0077e0907aaa,0.203584945186834,LgsdQugNhILG,0.20403513873224832,ducAOXclhXLDtDGSiQDQcFzBbJNbsm,2019-09-11
5454307682782496890,25d11d80-a298-480f-b1ba-ca263aa728f1,0.6498572615825022,fICSuYZSpdVh,0.5530168308274115,YHcQViFYunWeRJCamnuzJlhGxrHZko,2018-01-25
8983559329275874365,c1af7978-57a4-4dd5-b514-cdcbb36eff14,0.766800912889782,qRovNWvDLIsS,0.4063681904803227,menCETAUnHjMGjUViKrmmZYhqitcMD,2019-01-06
8817623907074486281,ae6ddad9-e1fc-4b97-85ab-224ad9b0e0ff,0.16581997854778363,IrtJXxnvTJVr,0.40355237495059515,KuEjssGCdOVsLmInBbMFyQGjbKGMla,2018-08-09
5362490597743650506,1c042f61-0790-4cd8-b8d0-04bf5da957a7,0.8310292830524633,VeaqSAZilhhd,0.48212418915868727,rgaSNLhmNaAWQNROldmCncHOVuDWqu,2019-11-07
5201137614468171630,f1cf7cc1-cdc4-4f14-b694-d55ae55f4afa,0.756192156399524,GgzZglZJomEu,0.9643005599363748,XXgPcYockaMQTmDHsWPtLrQpQvDDJn,2019-02-09
5872018953700237177,cc7e7327-2dfb-4ec0-8c9d-eb3d89a0b96c,0.9955247207780489,EtBfHjprFfJR,0.13412404957883484,tjqQsqScyUAtTGDDRYMbaBkbqteroW,2018-05-23
6327996676460343862,43c84ebc-abf5-4131-a8bc-a89c34f6ee88,0.9111881869375728,HXNEzaJpmgvK,0.13542905734357724,twdbDyJFqdeBaslJrLmONPibQgXBzk,2019-06-04
8311248404691652981,15f44996-44e2-42b5-9243-bf5fc8694bd7,0.8023828972485256,HRUUNKRkeYiD,0.04715043565591337,NTJIGdFJwYKDDHtxuvKbmOxTaAfYpQ,2019-04-08
5628541489979468634,75262261-e77d-48c8-9aec-33c6528f2872,0.3118972465956773,mVVzTPjKitni,0.060887021930955854,FSSdloSqhRdidBIAMeWlcgUdeZepzn,2018-06-05
7512319559522978163,4d92e151-543b-4aa5-9027-fe9464734fb8,0.7445295295033416,LfjBtSRPXbwL,0.5052393647109109,zeUiQFCoxvhfdmXISWznXVdNzhZSNF,2019-10-10
6988281781473424245,8b859c7f-1f41-4b49-b1b4-fcdda7793d54,0.28571756002167215,xihgcrtKUgNg,0.15661886336920494,fgQBJLMDxbrWlWqtVpnGxHqFnargbw,2018-09-26
6450725005182149936,dbc23115-9618-42a3-85a3-7aca6404d637,0.3064475876520263,qovhQoZBOeCv,0.7749614827068376,dUBcFTpZWNsJPMtvbtsCsxaEJBvBQm,2019-03-03
8441945025331878150,183ee5ef-daad-4e11-8876-075452bd8f89,0.528827733775938,BkiQawdsNFnt,0.6192270954103789,scXqWAnqNfvdtJgLEnvbdljCtVJPkA,2019-03-05
4703044434727959425,b9bf06ff-9ab4-4eaa-aa2c-7d1457e65181,0.17974496345264135,oUWXvyLcXPgj,0.25316612541767325,risqdrFnUglkABICmddLZsnKxOyOtC,2019-04-14
7734594826537862161,a4bc8785-5885-4e7e-830e-e457e870f6c9,0.5644740294511624,oNzZZefvccMV,0.5482635126309405,yhwvrFPBneNJHJLFMZJbkqtGeskSoT,2018-10-10
5095388188959638167,3541544f-e9c6-4a18-aeff-f831617b5983,0.8217453311497888,ijXJWBjayRak,0.566797338223122,UODBrmJXjViqYLEvhQpHnqlBnfFnBn,2018-02-22
5136661260593141572,e30275f5-c3ce-4e3d-95ca-6aa715584a83,0.4333687674527126,yUzCdqNZGqse,0.6809480369897475,ndharubPyTKwLpKEqJkHbDBMjQKEPa,2019-12-05
5194288860603668593,0321b966-fa58-4716-a2fa-1f3f3930ac7c,0.4128778459147241,ipyjyLgLHnNS,0.19555873594551954,UgbnKXLJcgBAUpoxBhmvqrZKKXaPer,2019-08-13
7066095488250976586,84541e9a-f3b2-4199-be3f-170c0a6b33d3,0.6074779746352912,sWipBvECFNNF,0.6966903534305974,SsPApukNVvMCNxGouOiLSGXJaUCbAm,2018-10-20
6691295032960554882,a8409940-b5b3-4d25-904f-c9b00dbf3f4c,0.08512747099187756,qhdBoLonADTZ,0.9499722605916642,SlRdRyFAWkDbQnKEmTzvDNfqqouRnr,2018-04-17
8617084967270139840,847412b6-af2a-4dfe-a08b-1e6958909ac0,0.8904990359603141,pPsLGZlJMcRt,0.8395802343064779,fbYEBacQaerkJVbhcFrQDEAAnSjhIY,2018-04-17
6068362681963246340,d7c04bb1-4968-485f-af27-dfbf94c6bb94,0.40344566233019585,LqsTNqJtBVBP,0.3841905608649906,oGrHsJFpkkEXjzHnxxyLEwektBLxyl,2019-12-16
8171037389326575708,d48381b4-829a-436b-8064-14a26c82530a,0.34883521123653993,SPLvJfSdCQqI,0.5161500608907044,SOKnYMlvMnWrSjFaXfYcUqMwHMSBKQ,2018-01-30
5150034074077081495,199d0c18-e62e-450b-adad-e029918568dc,0.39594463245907663,aWurAGIgkfKI,0.2331040190294369,GScULcRMjKDiHbQMZbeuBcgZMHyJJX,2018-08-31
5521872932913772281,df22c461-d87f-481d-ae6b-0a0ff1e1e937,0.009183983184963163,huosvjwNFzGg,0.6362059927857192,oMcaiimbrcIAwQUtBwmovSnSbMOlJl,2019-01-18
4709460839444828308,06a3133b-8c4a-4a90-985d-5e12e6badaea,0.6549130063058843,KwIdrPSbIRmz,0.4370273908765654,XhXNihDOMdXGuiUtRrtjglxjttkymw,2019-11-22
6853806488337725632,b9f781a0-03fc-4ddf-bb43-9ac839e4240e,0.9881663022303199,acOczNCUVrpb,0.9062543514602716,SJQiTTVuukKEPAGPxcUxcxfIIhnRzz,2019-08-25
7775886799094602659,a7a20e96-10b1-4fb3-9a42-0c7968eb48db,0.9240820557241484,rQOCiytgMSeB,0.6266262922748729,vUxcmVePdnHMuKuexzTmlvYJpkXXhM,2019-09-26
7955032751423388866,b285ba1f-703a-4f10-aded-f4bf5e6f21e4,0.882803382194003,GXTyfsDzZkml,0.48477625609420283,WTeVXkuwLXywGJqsOGSFqMEhFhbgeR,2018-05-18
9215496066407533264,15988bc3-92b3-44bb-a84b-76ca3b296ac4,0.19989512322000547,zbCjTcIOMqLl,0.8796971791786757,WlVnrorcVorBMAViTPoyNAtkcYXIUg,2019-02-27
5754091778305085861,2f62fde4-0aec-4248-860f-aad5dd12ec30,0.06704257124315638,VEbFplJtFKgf,0.3399577249999587,rvQiTAbiokqnYKhvBdyxQPgwgsRnmC,2018-02-22
6142855964815950959,c6de99ac-19fb-4c8e-9c71-650cd88da907,0.30442224510562466,vFadDMMkhimD,0.5957662691267677,aMmkOvbTZmZXBaHfSgBydbPDhmOALW,2019-11-13
8508143734146024568,f39860b4-b4b8-485f-afbd-c6874c8f9dd2,0.09976353253074266,ERDXxqmPulvF,0.08397371847545343,dqvPuhQNxBYAHtxrvHFsYvqYDgZuHb,2018-11-23
6618904430311372296,b9e6aacc-9743-4674-b2fc-de39d6648478,0.5305262098472923,CjSmJmhbzKze,0.8519168450566067,uYMETXmauuLJxScOqPfdjMSBdgeOJk,2019-08-20
5872355924473339019,4971ddc2-aa44-4398-8443-c84d016be79b,0.7664583033025291,MpehRYQrlnmU,0.810933788531705,WTdYceLQGTjQikOeMUIzvZzdfDqcgn,2018-07-27
5804738241037294472,f6427eee-6ec9-48cf-b2aa-28138e314c05,0.7583052562108942,upbEFQQgBjlc,0.16336330053494008,PMGvledOhoSUSIlfsQLNkeasMmBVIk,2018-02-03
7570867247900335437,904e65e0-774d-4f19-9d88-f6e582148ea3,0.5346391790785379,qmUAcdJyMgRp,0.6523840155093759,tIcsOFGvORmMEynLoMVAZVdYbiGYxy,2018-01-24
5545914098843995869,bd72e180-c606-45a0-96c3-2d44a356969b,0.13497264339026616,IFyiqHXGDhCx,0.15650636433602505,DBAFXiRdbVYqRupodXuMdxYnLAIKsZ,2018-07-14
8215756204877771918,43fdae8a-2e3a-4861-b15c-e23eeb90c863,0.008438162188548315,kHsNzcRUzhmd,0.04595624584408564,ChMMSPFfCjodYVlDcipxWwsKAPVaNZ,2019-06-05
6188594040099381307,0d743e44-b4f8-43d2-8f39-d7d02a3d3ae8,0.28431447767859996,nchXaLWSbNEI,0.9238514237977014,jhpvnygWXIuJkAnYeRZeNckQwwMUbl,2019-11-18
8311846261349174184,af933742-4e16-4f72-9ea0-f48faee47a48,0.5991364631519549,YeUYuDEnJPQK,0.547369222270236,jjRTOpfOiZgwbUXNFEjWqCZHwGjRFv,2018-06-13
6321026264592648909,7d473859-607e-4184-9f01-6f00978cdd40,0.14970393210228472,RKZOxEdVCfYu,0.34444141681615514,ekVrshSKlDdcnjCHINIckqTjAClKyV,2018-11-10
5345617105080701790,c7c475a0-9286-4867-84bc-d8cfb77e6ac2,0.2856994588767322,cZNWrjcxKjDd,0.9084005830559444,WquAaycbWeHpjaZHlZSMZINwdaHZaR,2018-02-15
4808283991469674628,3fa90ab2-6345-44f7-a4f9-f7034632d2b7,0.10622347034131474,qEpZRgkBCmsh,0.1674225211453224,ZbiLkGhgcwAOVQKgcmhqKqqCccKiIz,2019-02-09
5872991878059880876,d0a5a315-85e8-46de-841e-124f82ac18e7,0.39486251768751435,LpwmmDEdqXyE,0.8954205937351717,HlilTTFflcsgubaWaqVlsuzSwMqZWU,2018-09-05
8338390598384446319,47c114bd-b2d6-43d7-bab5-c93b33f4e566,0.32951784110308047,xBCnVLmhyhVZ,0.3389655734240211,DrklVXsTcITFsWEiXgbcKlSWMsVOxP,2018-11-30
4934141660485343898,c8a40547-e4d1-4115-88c7-dd21eefa7c6e,0.5778597376372858,HNhZJDDOkUnr,0.2832418157006422,NjnpnChYOdQPyviWtFRdQiDxvxJHuD,2019-09-11
7063377810123215663,74c247a3-3543-448a-b633-068f649d01b8,0.5551974675508703,otghnqjzijBm,0.7448331520041804,jDnPmebfiZQHgBdyHHSLKAlFklaUJG,2019-02-23
5711282995545627053,4a1cecb4-ffb3-4b9c-a9bd-382258ff1ee2,0.06633335886606995,MIuVWBIVmLyt,0.7729007390507905,gOxZeiNAvzkscpJXcxJGgztBQsgHOt,2019-07-23
9087170058536960351,b1b63fb4-fc32-4d62-abe9-7ff863ed8a7b,0.07344758766390314,czypsEESSYMi,0.005103734996162235,oQZVGVARivDMONMSqcOTNoxEAMqjKt,2019-07-14
5624999673142732075,5a20b530-6e28-403f-862d-c4e1724090a0,0.24099931276198927,UmTFEqfMVvVg,0.4419306062510212,uAMjpMqWMOIejGoslvWIvkmLTzgEaF,2019-11-07
8488165745799409634,ec390ea5-6ea4-4e4b-9f62-3bf3bd5d336a,0.896350964797634,PgTtwzdkuadL,0.12851261272378778,haNUhjukPlfKpuiTxcoxECHgHQqdzE,2018-04-18
6622342222501933601,855a31d2-af65-4b78-b424-dac460ace8b9,0.10284674948852512,pdRRqaKLVNsZ,0.23096772388085196,VaQKDXSxlGasEeydbdQQwGlOgyfVZF,2019-02-12
7433673744234480634,c7212fa3-f0c3-4c3f-a592-5619078b1e68,0.6245633163742277,WeYbgOPKgroC,0.06798852196078575,NggXarDBJqslKPfpPrLeqhxjAqmFoD,2019-06-22
8426422100474019755,a74f24f2-5972-415f-b1d5-f95ef0feece2,0.37946003214789825,tAxzkSlkkXCD,0.9372881587372744,BxnYOrQpNVIphpKgCPlfAihsqOXpxy,2018-09-08
9117183809101709389,88ecf71f-9d64-4d42-a92a-779eb1e42335,0.28652016639054034,zOdylRwsJYge,0.5445760312813352,KLyKSdjUsvDMJXzApJCTCReIBIvxAS,2018-06-11
7035843791428901017,798f1c9e-10e4-4a35-9b23-a3a513fa1f18,0.38179187723689634,QmhGUzjAfWnM,0.05710677637632433,jOgnpImXKnvbTHLAHjdgeJOlwwuhjM,2018-09-30
6334875929910970751,948d5167-cf01-4004-8d78-3a03ada60daf,0.7853113851377778,QrfRRdIJBnif,0.8742321094822147,alZibIduhiSWvEOcjwjFjlBjNOzwmK,2018-10-29
7675689241152448091,b207b9fb-2e7b-496d-8b1f-18544dfddd23,0.9245805529792548,JQXbEIfppKlX,0.47406822301298734,RCfQdaSKdpswgCwaZkLWEKPbfzqOxD,2018-03-01
8914278878089152680,8e9f6b17-6c6e-4273-b0e3-279ef75ea637,0.07061769998614276,SUgIwbmLSvPH,0.06304048275845209,PJiLBruWgotXPyOxGGAtMBVchKniYI,2018-11-17
8638972228198161230,2f888f67-3c54-4e2f-b177-0b24fb704cb8,0.3836635698278259,blNXLhPJnZyF,0.608077827312966,MGYhMxVHEhJqxtveYEowRFQrVZBJWR,2018-10-21
8216272357307932603,2950ff7d-7199-4e6b-bdef-800f07b21cfa,0.557419367753783,SCBcApXlBRhn,0.6751455345793065,tGAxyVWzFXCOwEwoSiidhrkkcUcFtw,2019-08-09
5712536946146056207,5731f548-2c25-40b7-93e1-85b00dc61885,0.45463999002055266,GsELljZoKxcy,0.9400919376708059,ApBgmrIuveizUFSDkLCjWxCAtBiCtT,2018-09-08
5790201760584363007,30b2ef20-c0cd-470a-b3ca-ccb8363a907c,0.9881939908312732,mRKBvLHmNEtD,0.13998856535166804,ibQfkzjBnrmACuyKEqTeruRCdxHduX,2018-09-30
9010863902758143173,17fe3f3b-f094-489e-8372-8c3838509217,0.24049312383134402,HMvbtNkJeEJE,0.3352202208227434,zzcdXKcyIUiIUZxoWXHqXcYZLOibRt,2019-02-25
5807881374873711444,6cc49046-7da7-43c6-aff4-a80c63d4f5c0,0.026526087850824998,EGXTUgmGkhKb,0.3889286909678572,GGymINAEaGhffPLLwosqTopNZtxJVT,2018-11-04
8721104470244744721,08dc7340-61d4-40dc-be46-4ff6de95100e,0.6936010062802492,QQdtplNSfxNO,0.8658696424181029,yneZJQeoDXJovPPqktMCpIbKyHOJZt,2019-08-22
6175988457044739289,4e42c64a-2672-4470-a38f-527ec203b24d,0.5698381210577789,rMYyCsXPAkhb,0.3056181657855217,lGiyeZXmUUsRsboNVylyusKSmNAImh,2019-03-02
8413035752196878785,8a474e7e-3937-4537-a1f8-83fb6219a1b7,0.1046043649731252,RxtWdtHRiHCK,0.752938307404003,tlrzEisGzqXmFRYOyatJOGWdtCbPIp,2018-11-30
6697152976916920841,74ee7148-c7cf-47de-93c3-8770cc39d674,0.5665795085501196,yraixvZevDWf,0.17102394466002047,KbfYsEzNcNwEBJrLbhhRmbrJWQjWYa,2019-01-26
5400029378059976606,a98071c2-7aad-4ab3-9821-4a031a167541,0.6233144164501343,JMucKIjfcOOC,0.007381081929747291,jCztUYvKPVKNnDjIhIsMxXHPDZGUmj,2019-08-27
7934894336977092430,7da09c32-3b0b-463f-98b5-d6c73c5d83f7,0.05480818812905852,uFjiJgBLMtiI,0.48606335016355706,BVBedkxdkDyqSaLkkmvgFppltLijCO,2019-07-18
9006571513632444656,98d9f3a1-8fa6-4f7b-8737-5376c3e5feb3,0.7435476955060222,tWjPhrOVnrNO,0.5748250338683758,vROQPQpOYSakWPaPnBrRLPnuwhKGbi,2018-11-12
5821817459637260129,35a71d5b-051b-46d4-b41d-1d1d480545c8,0.037678394146414496,wqRqootseVDH,0.5876467838556296,ZCzpPPZghgPLcGogKkfuYFxwzLjwmM,2018-12-07
5647139370015489175,e2637c3a-7f3b-4efd-85a7-28d42101cf42,0.23466760257013475,kzreSVfsUyXQ,0.5171935260494537,ZyksYmDyPQnsmHzfNIuHKyOhCqfXTv,2019-01-03
7593838643340406363,1db78c31-9bea-4be0-897a-e0f63dc98097,0.5567899220050664,NkUNjayHlJrb,0.8345660291516813,klvBkuSbhsMWXodiJldYFuAiZmUalL,2019-08-22
8882650973532051701,1d2f8e9d-ba9c-4c1e-97fb-716d5bcf2f4b,0.27976083575491517,uQyfWvlnKfMR,0.5592628701980638,czfBoQwwrKlZjItZrHKtGOnmoYxIDi,2019-08-28
9220045044857063604,98e685f1-5b5d-4c55-a028-5fca86eca1b2,0.09341549984279673,XHFxOPFeohQm,0.7470773110148353,MEOyntnKwhAyuNshMQTGKFYaIpqgEf,2019-02-28
6776582877383107239,cb93c3db-caad-4d6b-887c-53817dce4a88,0.12772891604485703,yIEilaKfNhnP,0.28335499401563036,PbXvgTmxlbAJHjAuaVbbKaAeDOxZuZ,2019-06-20
5080291613429608549,b9a02dd8-6bea-4eeb-853e-01e79cfa4d1c,0.9439390464863854,RbWFLYJRyYJh,0.9290233511030828,wlzYCKCEcXNiVudFuhKFmzSPrBOlNN,2019-01-30
7967348492552694184,375bfd56-1930-472c-87d2-38ffc8c0f9bd,0.599950377824411,YqUOIUlqxXgg,0.26747445770103007,DPglQtrlihxVJAWTsiNEpBNDjBEAlK,2018-01-29
5133658749653425612,aa2f2f33-173e-4b88-afde-ca492f1d3d65,0.9999140008230618,GbMdtIQOmdxB,0.39661654419704295,osoMFyrJgHHUbobOTblQOQdNKiMBNB,2019-11-09
8217085641344960425,b631b0a7-9b32-40a2-9c18-b3108cc3eb64,0.44926110155096566,hOKmiulcOZHM,0.47350775310140236,SkebfnKRHEVDvfUpcOndeUHLUYGkGG,2018-06-07
5841837627983591975,664d4277-bc2b-44c4-b5bc-206efc91823d,0.9823714061173373,TKUZeEpGDJse,0.7681316882052868,yGhXagMhAlDsZZngZfFiSmkrpWGlsa,2019-05-21
8134763080751133151,c6e18e83-fba7-4716-abf6-90bb1baf6557,0.1593831397116734,fWSXIUUSRHDM,0.4418786750207284,YeKTZfoaWbUNDPlMYjMCyCKECXazuB,2019-04-11
8850174560739322626,244db924-8c73-44b5-be0b-0601e20077ba,0.4986307405644148,vGvQSZZwFqxH,0.7401820446365293,OvqUPitdThRYksXKPlFueEVRuEXSUY,2018-09-20
8319383768377514495,951875f8-bac3-44e8-be5a-813818096472,0.02804688308769976,EIKUCiovBOPM,0.12342498353625131,nnZEGjuCQCjTtwNsFvneSDsnekVAWd,2019-03-20
5422457170466257365,4aabed7c-9d61-4f57-892c-8a51dad5bd4b,0.7190225586650256,UVlBeRzSmknB,0.16729264690585732,JzoSmXDVJzXkLmUllhSHIXlYBEkcPR,2018-11-27
5547623493624851925,50ef12e0-e3f6-4632-93d1-f98fdd8963e7,0.7002218297795495,edVDWHJJVcAs,0.06123928251646915,rEjmwtavTzEbVJLQCwqiVDPHrFYMIH,2018-05-02
