NIN,NAME,BENEFITS,ADDRESS,BALANCE,ACC_NAME
64,36a73e4e-e475-403c-aa92-3750b0642fac,0.4464138887002258,vjjClEcJgelX,0.9933973592632778,NECTsthWpyGGYBJQjjFCMisnayxyho
328,f2eca9b0-dcd6-4f93-8845-9232768caa13,0.14733309980966625,BjBPiAznSElY,0.3316986312167862,abZaGZRliWwoooSSarHEOFRaMDRKoq
786,e96f30d0-2941-403f-9128-9d8cc76e9fd9,0.4970337995788433,kWWHEQHGBLIo,0.312881397875057,uWRiVdtKNmaxCtvatxymXllBMnNvgK
705,979a26ce-e9d5-43c4-a7f8-413a6aa0855e,0.26664601744082683,pwQITCJhdbrA,0.8353095510736908,vKoFZPkBIJFBIPVcLXgoSCueBwljuF
621,8ab6a8b3-f03d-45e5-bfa4-2873dcf1f60d,0.1710999550600507,WKaqLeKxQiWo,0.8777907537850362,FZbNuNyrLfHmhOYYDtIrllBVUJHFHP
365,40147b25-893c-461b-9e7a-7d992296ce4f,0.8695068152859944,JJbCxSNoizAx,0.6452428935580746,IeVajSCCBwgeaSlFrcEEdzWQnFCQma
22,88ff0027-d10e-4d2b-8ce8-6fb3b18392f2,0.629924608300145,oOouaVZRmdRW,0.6901517018418352,dFFOiCiDXxexvshLOtKykvtahGOhsv
799,fa29aa7c-e07c-498f-84b5-4a50a6168c61,0.8751368157122488,fjQVLpyaIpTA,0.515797505787761,DNNFuYFmwowAXItGLWmfVfCpRCVaVF
175,9a75ef8f-9513-47b3-8953-0d5d7f89f022,0.6089570140530775,BVYMouSsSqTK,0.9289180123702435,DNTrVlijOLbujnosMIPZGHlYEyapvA
54,d02455e6-ddd8-4911-a4dd-3c6fcf0459ef,0.5447990390574001,RneGTJyDtExv,0.747360900243777,fiJzMtjeCKxGxYDQjzAzvsNOIxSXLn
637,733e990b-df4d-4c15-a94e-82dcf47edd22,0.3260670491957246,BDMvpPLBhNYW,0.6532822273900862,yabiEVNeRkkbCvdiQeSxgSoVRLsTef
620,698f7f52-a42e-4f2b-89dd-edbd5b1d7f5d,0.6929762710263725,CqGoyweGPzPy,0.05859868918453037,QdPxkytfEnWNLWyOvawBQokptafHDH
809,4a299f98-2797-466b-9603-3c47fba7507a,0.9481744407313537,MPbuxAhagpLV,0.7547100699773749,VeDlECDKgvvgFcGkhbwYQIbANxwFLH
697,a775fe83-e8ee-41d3-8366-873b4726ed7e,0.48076149767598364,RHudXGjPlzJG,0.8269242179354994,HPteuwLPsTcQXtKkgQoWguZLJOiRCV
721,2a7155ac-9b7b-4993-bb6a-bc1d57539959,0.30966256682127824,pkfhMkdwalbY,0.28144924883832867,ILCWUPgQcLDZoXyVqvTrVzUfYpTyNU
950,2788f974-2020-4089-9b59-ad3bfa05d1bc,0.9257674564539121,pPwGakMHGzDg,0.36847685497972205,JwaaEoHZKJdTeUpneAipbekKlANMqU
539,24d2405c-b16e-4b6c-9d45-d9f8457b48dd,0.39085428097395203,pORQROPdZgWe,0.7015206921079391,EuQTfgjfbVJRkrNnfyHSAtkCxTpSmY
144,b1b5288e-857b-4fab-8487-9ad1fb93150a,0.051862702249609316,JeDQAXpOIqYx,0.31112835866571453,XTMVWWGfoqreqflLJFoNlesEYvkzCr
48,5d8b0361-6474-4eaa-91ee-923fcde08fcc,0.9257181573062678,ruxmjexeHpjm,0.24466868395109354,qvTGoDPreRNVMMKbLuRobwzBpLruuD
151,e735e63e-32bc-448c-a847-563cf147dfc1,0.6100111818895723,IWDRrCLbQonB,0.5478832578273074,chwhqEgMYWbEBJGnPSvMudEKHcWRXv
305,abd10998-dc43-4e50-98fa-0a43a565efb2,0.7563674634238375,ByoSPdqwRRqP,0.5366014573739651,DhKoBgLVMpIGchNkJCJXBFgGXYASRQ
631,0ab8613b-ed44-4ca0-bf88-b3c726e271fd,0.753211865973692,AyqRqqnWUZbu,0.541586622818617,urwYENOitMEoMTrEgSJdCuXPkimpSW
59,3e300161-bfab-4d40-883b-32923ec303a6,0.15098640530633833,DtzgxlwmkwBq,0.3588172628809697,EtnwOghwbJrVosBIRIFtyMsVjBQwOg
384,9ac4609e-402c-4852-a6dc-2cd0261ed939,0.533532180633191,UNHAqdJejDPh,0.1365940640449218,IPILINaWDWVEgVrOmQucPJCLRLAsnK
349,7ab5d34e-4f69-44cb-82f9-566bf818248b,0.3838402844848724,wpbnMxwnuccZ,0.014538179483224778,OEhgnFkIhtqdHRiYjtVHXNoyUIuVvS
556,da7897a2-701f-4bc0-afd7-2a9ee077f07e,0.7107630859433309,dLkbgFDJZkiw,0.1315532490713648,bnDSTVhDwEnDfHGYCikqDUwXDKEFnX
737,fd148e74-2f7c-4734-b5d9-48cecfc90262,0.790059578875699,xZqXRFmYoLgn,0.18072997467159468,fXPCQpJFkRZzosXgotxEFDZVyQSaKC
379,047a34d5-3dcb-423f-b259-cfd6738c99b9,0.6327724024661472,PMTWlwHzARSG,0.413765904853563,rIwAjcJnHdPoFAmzywxyrGVfTkwqce
151,bd8ea552-0303-426a-9369-90546918bf22,0.9384750040890276,DdNwqooAxumv,0.08246589923447878,yPuWfBsQHbjuwyBJfWtYcsIwgNAgCO
957,084e9d33-8e3c-4705-8137-39639c3e57f6,0.43000981607696576,BNVlpHpENwOM,0.8587271085133223,qHMauSeqkXZISunbGmyZvPFUWpADqR
518,cb0fd439-70fe-4762-bd06-d13bc5fac3db,0.44222582677235267,srHeKEzOMEfn,0.9052769126759851,gNDQjCKjTpAkEtztUObAeZIzkgcODX
917,998605b1-943b-4ea0-8b15-884f0f2e3442,0.7871358636493785,fZiZpZcWQflz,0.5471821828295615,eRmEMoukLcrHrKrhEuruoItUjUpffo
239,926e8588-8f4f-4aa3-9b6c-71f5854efe5c,0.6368975790465413,dzbidJPrPXRU,0.7110439283934542,mPEMHDsBLhfxPLwTJabOoWGDUAfYOf
96,8ccaaf1a-dce1-45d1-a5d0-5b9ba987eca2,0.23897991157992593,sbQIhOWfyvoR,0.17379833555239776,PkdDuCwxzzxlaBOtOZPiJJgkfPRFWn
774,30c1e281-bd2c-4d10-99f3-cab79a9087cd,0.5439851867311837,RiRKVBiEunQy,0.2023651544364229,oILOFsNXLpnPuLqoxJtbRTAZRRMEDc
552,3ee95fb1-928a-46cf-9c61-d4af6eb5d2ba,0.9806275420271712,jgXgCDANPbKi,0.4018391657923205,zGsiDPzXMBpsHjsUpjBUCzGddEnHVM
74,e905d106-3bb0-4aa3-b3e0-3ec9410ba95b,0.7271131020807455,jIeYtTRvMGrI,0.5267989256854542,bsCVNHhQBxFCzXWDYhxQRMCsjjXxHn
360,e6cede41-559b-4665-a096-b240029f1c78,0.6429378653397734,iCugaEhzkOXt,0.9972644325008733,AvwjHUOkSkDznYTZcpdkDoSRoPbAFh
886,a511c41e-0e9e-4891-9169-8c3baa7b3613,0.8062533084237746,rUkzulpkkTfI,0.38622627172864155,gOFoOuBlwOpytbpNgcneibbGzoxZTq
179,ed7b8536-b923-42d2-be75-47fb5fcba012,0.6602202921061291,XWjCLreHAvAe,0.5087042878551303,kyqXqTlJAfdpLBuRJcdBzshMpIYrVj
420,c0f3dea0-7dda-454e-b7e2-c870aa1c3ad5,0.9207071945698966,eqkeIGBiizVa,0.8788833706798364,RLiOVREvsgdcjqhhtHRJKIVGWeFmmO
605,b7780aa3-ce7c-4f70-939b-d51fc3c8616f,0.5819509850220196,frjbLeaMKdnS,0.6944464698614151,NboYYMMzCpWDjAoSdZGqbdxTmhDWvq
795,bd1514bf-a841-468d-b944-4b2a45f9934b,0.1254169199036269,zsgnjKhQOuWP,0.5579137249155679,krbdmZeaqhoewmXDIcvPoZRMIBVJjd
666,ad0ef0f5-7890-4354-95b6-e3d2d3fb9d40,0.5874325604517562,QpDHOnXYaCcS,0.5857859977868644,WEqHdQAkEcPdAegoGcofyMKEDfmTcn
118,22f36628-4a50-4be0-a374-cf8b5983303e,0.9010356686724513,PYyxXlwiMDrA,0.8951578466685401,ONlIoxtmIgvXnhoQvIHYuHPPlIjcHb
588,3019bd92-739c-4b80-9980-c9cbe0ce6386,0.08841340281678933,wKikPKYDwTHP,0.8898754233188363,VCrRzriRfguBENvrfcjWASYvfWhvNL
860,75ed37a2-d548-41cd-b1ea-1e53ce236c14,0.05370145341891375,toEZIOqZTDRo,0.48016061859097203,eVlsxfIUooInQsjPLYJhpeeLooBEMQ
55,46c85f47-4893-44fb-91d7-ed9c8ea3e219,0.8952499272582364,HUZkrETlxBsi,0.9308368875640185,wJGArvGViVwTpNLoxbvlPHIfGGOCag
651,b86bc616-b442-4e41-a020-c9e7a457d54b,0.5847929491137102,fQgprtRZECjR,0.5064015862460948,siXxdNhyFfruuNmuJLHDhlRHmmYZQN
994,57f013a4-02ae-4a43-818d-c5369ae23e41,0.9063281060687165,BjJDAjoFMslt,0.9521808482286528,BjJwKZATwvoztetBqrGaojEgIQEVcT
140,28c3eaf6-7442-487d-80c9-591444d14d47,0.4365549722382046,ufCKWyUPlXXn,0.06937981762351353,UulikRKkAJWLGapeNZoJEyDqeKcPmC
176,50d929d0-0f21-4d07-a985-23986fce5d2b,0.25542566393322585,JtTctyltGfNv,0.6858615009807263,NyqTXQispFbAUTLoWCImfMzVnIQHTR
394,9d0b0028-1622-4b20-90cf-cda1a08f66a8,0.8383420975204832,josRNbWyGIYT,0.12996837457761212,cshgqRLoDNgEVPaMKylxOEDMoaJraO
570,38804d0b-a054-4c9b-a185-4ac0496d8b24,0.24334054907444647,hzoAVcSeCqos,0.9437094382015698,YYrqvKmsWaqtmpCYRHtgSXAwnENwPF
887,c1c8a504-f641-43b3-ae1d-eb2a790ae170,0.12926333100510612,BXWhVTAefNOF,0.14873830055078352,GPloQcSXZkoNzSaPGFhzPctVcBzRYL
470,fabba6a8-fee1-405c-8ba4-e0cf281d5d86,0.8843681501683306,kzOoWVZdOiMn,0.40030932273661124,iulrzxWPgsLzcRcnbOJnbSYTGeQKXy
111,20455a30-6c03-4a08-af97-63a404202128,0.5106178941063567,AnYhRWWEPTYY,0.3252060987673928,ESWBHGzHwHEfHNtUrnRDBLZTnaiVUS
327,532887ae-ca1e-498c-81df-513b5c45e6a1,0.6882052365652812,qWZwgcVdCAyf,0.19025910740449747,MunJIsSPbFBdigCooXRqUWpkTJVOGI
392,ad7b0be6-ea8c-4df8-831a-bb3be903a27c,0.3125918864453969,JWkvOiONARbS,0.5937849701435903,ZVoWsrlJHiIwKfIopTRSJTvvGtdDJE
41,654b956c-8bfd-41d2-8e3a-da566d72a8cd,0.40600563809353807,dzuiidDZYPpn,0.41218205046589285,GhqdyZkKkLXjNHxfNPAoHcsmdveGqG
571,1b69f26c-6c18-4865-8729-f9ca4bf51a03,0.7813274282711148,tiJuboBGGHqh,0.008685215638634447,bUanoTvdDVvpDnPvRNJvWLQkPJhFDj
827,39cd6205-d128-4c77-9542-d26443bc1137,0.6283486810222392,wwgXyrKykvvE,0.10347396558193056,VQiaBjYYXblGRSZZaKnxQYmcPixCOZ
543,94d660b2-a4dd-4b88-a09e-843a60dc3b8a,0.11309715325511871,JTTMolyOnVQP,0.02924124834148012,hthXfzjZhTWuXANLWUMUYEmvLsJPfb
372,8a2ae6c7-4d3e-4199-b53d-1578554c28a1,0.13945974961772745,yQpbNQyfmHRl,0.1471693071224598,kNAYYBaIMfDbdjFthJGDpaOouulCfh
733,2a8c58e6-92c8-4dcb-8cc0-f96f8aebd2c0,0.8886927131484972,WXtViqCQnFih,0.5282233274198324,bXIJIqpZrafGQkQrLxsxBIYTIzyxgm
291,9f3bf8e7-bdc6-490b-8431-08c6dedf077b,0.9487399220921867,OLkNruofOdBQ,0.17339249628753817,KOLshLEJXmCzBVgTCVYmryzwmXFHSy
316,e665b146-806b-4525-943d-eddd410239d8,0.2454792724671211,qfFKYTGYXpGB,0.9834191837971062,siiccbvJkMJGunXjxOFqQHBKsSNcBy
620,db265148-0cab-4595-adcd-bb2c4607f845,0.4181561059873754,tDFZaWPALvEx,0.9293632856404347,VpPyHCGOvnnpRwwbXhCSeaSGTajVjO
242,6dd4f441-2c6d-48d5-899b-847bb507ca8d,0.07329349560469023,nqnboIPxFsGu,0.565473637948874,pDOoAvVonMvZUBvZUtMXGpuXNiBTDK
293,28ed4b8d-f573-4d0d-b17a-02a1f7bc8693,0.8306614979392025,UykqYNxacoSN,0.5811993752787303,BEMzloAnwbdCrRplAZKCwokWjaUNPN
374,7372434a-bab3-47f3-9b71-1b2b3da6be74,0.6299482656162382,rrSrZweqwqPa,0.5443815854933808,RcyrwHzuQhBdfNEQHYHEiDqhNBwYtm
47,186aecd9-888a-4364-8503-94c0ca340b2c,0.9428721923320811,TusLespPTyhU,0.781427158174623,ngbdpwXeyBQsfXpynVBPPxIsvpHVQj
545,8448bb92-cecc-415a-9558-495043943721,0.18322112592638307,dSRukIkqUyHh,0.558664470807262,BUvxlLcQnXZjuQfLJLVilXofruMQcn
135,0d831629-910f-45f4-9f5a-897537e75b42,0.5136422802450523,ujJRDgbGZILP,0.9269311959818678,XtiERKvecXbgWaJzbynDJjNabHGNsr
767,c5fd562b-ab7c-49c3-a550-60730d1d7e5a,0.23269470894882305,gerUmflmjanY,0.8828048611847578,ieQuwXDEaJvkEIbqNrziHNPCOqzTCv
107,7000f194-b297-4f81-92a9-9636636aa7e7,0.9620925925435271,IpVqVpgKoRFs,0.19013925250004782,VENSILmPVbIQCdSiaogrOApxiYeGTH
189,763e8f78-db0a-42f2-b980-e123deb1dcb4,0.22883743797400913,ZYgGBOMLvgKn,0.19770775698314358,ASjDeXvCjpLkJMPRumQIZKPJIoGNMV
877,e22c0c3b-5e1d-4ccd-8b6a-8a48e2daa261,0.2996140841474685,yfBHqcZLqMNr,0.5083115846722419,mloNtzuzXVRxICihvMTDpxEwMpAuXb
228,8fb4534e-584d-4a10-9835-f78cd6be2f69,0.8142401056847809,zYtCrzhBZhHs,0.3981419967224854,PKBsjMxVacurxLGXWGdrLcDRDJCwgq
399,8b8ed10e-43f1-4470-927e-2396fd5bd8b3,0.07611329304867553,GXicGLJxSsUR,0.8816320111298028,YVpxUrKbgnBfnkWirnxrslmGUkFUGj
106,b18f01d4-ad44-400b-927c-2077ecec2e30,0.33494916334930225,qCEsepywKwUe,0.9068799720743616,mPwxTWqpaaUpaxBcypVlHGiRRRwuQA
493,f29f2d52-5df5-4238-9a68-f6f4b427bac7,0.9844177186968931,xNxQZLbEzAmK,0.6532774535228669,rDetLcqOyfaBzhdlUFtSJzgRvgGeUB
383,9e93da46-982a-45e6-8b00-ebb64bd10164,0.5311638950889822,zmAThBzLhhYg,0.3940688449064498,XKQXbdCMnKptgwZZqNVHQAYKLxfcPT
609,82f0b8a0-a588-4d67-ada7-7ac726713aa8,0.9370668716139661,anPXOfEqszKo,0.6314030943966072,KKbuzOIfGtPkZYmctEkaxsOIYsQAvf
216,ba290184-29db-43be-8752-46a1b08da315,0.9183750150980058,zJhjyTQEhCYO,0.28280499913322676,FkLXahwvnZnnhmYZKtOXCzPPBNrGcU
648,b2757850-cf67-480c-a3a1-d7de2a353f2c,0.2598216316697707,SSguGAEyGeJd,0.43675869660966227,xPWpZznuhAgQuXXnhuPkPDaPRPcmVB
435,ccb90c76-2917-4f23-8c6e-1991332453c3,0.298026502145582,hJbehvTKnZDv,0.7391343729167358,DYDklXhjHSlutAMVvlSFhaPLCpRZZF
211,4227a978-bd57-40b0-9476-4f974e99c242,0.9477155168750561,nBxaBvamEzcB,0.3312524029043836,MzYYrhvTHfGhjUXDyEsWhytmLZVfvu
784,a851a47c-ba0b-4e19-8ed2-cfea3fa2b69e,0.5743073504067944,vJRaOjNTlRtX,0.19669819232494556,NlFFPYBSxTYTIiqpEeBvjKYGiOquoq
492,93718e95-15b8-4a80-935e-7a6fdaf5534b,0.8611350396083336,dMhwnHdxovhd,0.815345776525707,KgOrCYEnehSouFktzrxOEtdZGFGNXQ
404,91859cd7-73a5-4ec7-b534-90a963e5cf93,0.6150622937665639,WBSODrEVLlnf,0.7436005136416953,xcLbHqGqyQdjzVwGBxSKxHoYKjwoxL
628,7137e52f-cd5a-4fe8-93b0-063cfc010ffb,0.8163798815843754,pbdWsTraUXCh,0.25785735730002146,fTbjGmuaGqhPLAtpCeAiEJQhfaCorL
712,20ea99ea-1a34-4f3f-9b43-2f3b2c7a52c2,0.6207432823811904,JnlObZHWebgm,0.7857796212665336,TttGJgygKbgdTFIImaTpNYFOKPcBgh
326,1559c0c4-3315-4213-81f1-0e95a2353cf2,0.9792270653793989,mTmfyWLfKvCK,0.47866109124407386,XOsCbfpwMzpcSrApPQqcWlcdFdJoUF
834,a947fce3-1d29-457e-aa75-1e6b060ac406,0.16539006218926944,rrxDydIfixIf,0.2981121589753538,nujcOLSyqiqvVZJsbxpuQijDIvqGyE
354,94bfc003-d4e9-44e1-be35-31e801730161,0.6770497155366797,HNdzdTKqanIk,0.9795149782876679,OYsktzzJtNdFQBYGkhFGkynYbtqJpc
460,f2190b45-baa7-414f-beea-c061ffda7f45,0.7988359069057428,ooohPftCLDuc,0.8312669737938426,jzpOKBbWMBjImFWzUYZfdxriKBaztd
981,13d68dd6-12c5-4785-843e-ecb5ec2aa7c9,0.2613391066601468,FLRdpvKbrYaw,0.05071402374683298,KmEMfLxfHRgioqwqywEqfzXsuSLfjl
793,30bff2a7-814e-4fcd-b03f-b56c7d0305c0,0.2559312482473185,xOczqyjYFRWG,0.3717699226668588,SpMSryQwJvRDmznuZtAKALyskmLePB
528,245f31b0-5c2f-4f20-adbc-76ccf74c8a09,0.7546922180333852,UHgmslrTcjAj,0.4546834493339684,HhhbTfPAlFUGBZuGluaJCDssdkKtuy
955,cff04168-497a-4f80-afd7-e7549fa32322,0.7833590837887121,QqbzScGbHkDX,0.33201324640347185,LpSwswZmmovtWRxvcxyZsIZYFqsuqo
257,d8a17a74-19de-4eaf-8785-ca27c1fb4fe2,0.1704916697731097,jjJziuWHzotz,0.3487863935763931,DSVXGtTkFehuYOUPqvSKaswQwgXXRX
120,fdd819e9-abcb-4011-8175-67844f2e065f,0.08558423841846985,HFIQflqqzMQo,0.8529805610037083,kjWPKXnNDEzWdCTEZaNXAFdEsCJoDW
152,57520915-7338-4357-b4b6-62af4c339673,0.04781652969846517,ZQlrolLZDeQh,0.13219732767906966,bnoTCfGUJGMJklkXZQofAeUOgwLjQg
131,4b361f19-f554-4f27-ae6c-2433efe2f7ab,0.1915411387389776,bulrGuwIMNBN,0.823060922694198,tVgwYZtrJmCyMusoLzyuOoYbvtSOjG
978,967b13e7-2e88-4a18-9a0e-55a06b2fa736,0.058754319178088266,zciAvefvvdzH,0.42496247392305775,ANMxWUhpCUrDIpXXXaoJhFflqvIZPu
20,2ef5f755-eb72-425a-ab88-61bb5c6a2304,0.7687574321339347,nCtNCIhudkki,0.9220915083726605,HrQZGFAIghupwkfrgowOVTYcRsOHhc
907,85743c37-b566-4308-ac3b-bfbdc6285d89,0.141209802803565,qVsFiKaFTrKc,0.2809578654792697,fGOIujMKCoMwnearaULCuwoVCrFzzK
763,0cedf94a-9ed2-48df-be8e-3faf843f9bd0,0.35842107082314056,CwcHsYQQmZLZ,0.6557783051055324,aRhvurITPnbDxkGRWmEjMtggeOQcKC
28,ab63f684-5927-4ba2-a08b-d5483c9e766f,0.1379757668371051,wCaGvJQeqvsy,0.6107054332989493,LIFZSTfjywjFVmEaxusvDRBXmQOdJp
183,e3cfdf76-feb1-4c7e-bc09-10b3f736b832,0.7070701462479645,cHMGpzkAiLJX,0.385543069822885,WrsQgnhbNQwLcqHyUFcvVnwQBJhvob
940,22b49ae1-2d54-4100-889d-f2dd62c61187,0.7201845884791813,iSxOVGcYIdmd,0.7902237465792326,CzaLdwElxYdbWTRoaRViCAydTEKxnP
316,8c457871-18e2-416a-967b-369d1098cfb0,0.3360942373285858,IoFSySKACkJg,0.13773434765693637,VsowLznKyWZEvEWZkLWROJiBXHaTjS
264,01c5e0ab-89c8-4e06-8e03-466354f20592,0.20138884074418295,TLwhxlRsjarC,0.22371443657286905,BAvboNTFwfzaUhfXcGxibAIMSrnxEQ
426,4451d2d3-b843-4a38-b192-6a7c7c70f792,0.686306321922005,TDRtwjhYnpYl,0.1624440157117546,yIChgDoWASkCMKAmLCMPFAGpARHLxN
60,2bbe8e4f-097b-4728-b101-8865a0c502ec,0.6619863036038414,KtijHJZXwLoz,0.49835892456767616,BXJTXqZDydiqaoUEksliZRrflbZfpQ
179,2efeb4c0-ce9d-495b-a48b-f56be42545ab,0.6705923712300889,pqyHmxrFVUYS,0.07234922009262323,TWCLnHezeVrRppFiMMXMiPDLyfmzmG
990,0895946a-c931-4fcf-ac45-ba84d46fd72f,0.7313242915754999,xaRUiYXatLPw,0.24136512144376276,ZMrDRNKCisbeifgkosKDOyLVLzekgR
604,d58df369-ac4b-4ae8-b906-a73d6e995f41,0.23833695204812733,qYhGLqnUtZNK,0.3658238308099875,HQuEmcluLcdnlQXeKNyXfTrtVsWCtS
687,88ed421a-624c-45d6-9776-1d5253008101,0.555401723267126,eNgVAcHcBIIC,0.8579130064716246,qXbkavjeVqvtJcftzBAvsjtvpUBUqU
262,602358e8-4d09-4e72-a84b-4a3a82d1647a,0.29591351282665324,MqEAcjcMMDnb,0.8962896797306356,FIwKWDUpPOFfNZRfrtOyWqLaLjceMf
255,0c3fdc2c-c8db-479f-a2d9-29748b2b0d6a,0.11446751289970347,iKSQqJBkRFcU,0.40591375164468146,qjdRviqjxWOZropSzGtnNXsVUBBdBL
860,be208dde-6b21-43d0-8e7b-8357e7996b22,0.7168811754155047,BplKMwEMLhZS,0.866435701584923,KbIZrYWCIUbUFvnugCFftSIiqfuYGX
772,f3755771-0f1f-42bb-b1f1-08bab9d9140a,0.01815227605451497,HOeRSEXuONUd,0.7299745655026135,OzxGbyWmyWFQnFSPnJtjgiqLzIBoaY
688,b0780040-1c1b-4e0d-89c3-84e2b48cf86d,0.8764811506336854,bWArwEPsCCZp,0.701602191771236,kjYGgraaaTdyLKTYCLGhYyPTZXJgAs
855,159ab6cd-2a15-43e9-ab3f-55b2fd5bd67e,0.44093362733279406,dlFxrlmwSNZX,0.5097756302383109,mPkmYGgTUBTEpdqdsxmQUMDeAfFVGv
466,17ac014e-26fe-4871-862f-4d7575a0dda0,0.9191882574542916,QmKNRIzNjNlS,0.5553578229899315,rgHCikoZOiyDEccKkLrIikWggIUYPq
602,5766ab4a-2ffb-4371-a741-ae4a4fc0a77a,0.41229628975946564,CDzWQbrpqtke,0.04448352172782932,yGROCXeUyCoORKOlZpTDjcFdarGgdP
563,e3711dd0-820a-4ef8-805b-1eff52a92f83,0.6280467555960937,cMXpIPPPxAHL,0.9741051519200565,xXUVGqljjTAVTJkgarSzAQprpPUPRr
542,33df0c9d-4e70-4da6-b203-86c2199d0e21,0.5730499214857312,JWpTvIyhADve,0.16789336458057857,JpUYeHAylLyJmKrMIYbtIAyRhqORFd
550,5ac2990e-ac69-46b9-8021-7807e3af81cd,0.7079303179651815,TnsWogqFISOR,0.7906330836029133,IPEfamyKCCfafwRIPpDaPfKEfobAQm
471,df5fae4c-1a33-4da3-802c-4ba2a3247f7b,0.5587776442395405,QbyikIyDLeNJ,8.533567484495519E-4,KKdDDJBlFtwplTBOyfEHOGjdywvoFt
796,200826c8-097a-428f-989e-4ab43323e314,0.05942014681245955,dVMqRslBhBWZ,0.03229390790706388,doQqkkASdOEujJeHdxFeZaYHnHuLXX
729,77a5e3fd-1f12-4fc8-91ed-c7535977af12,0.4851168500486651,qAKZLWvBfjFX,0.08087704140681695,ImKKfgPLnaXUjwHVQxfWdDYZgszqCp
721,a3c15ec1-71af-459a-b1cd-03f5bdd08b09,0.5019374290166302,gMawKCgsloII,0.6116271430275823,fSCLGGKylqZfEsFZzdCPbyWrUWKwSO
155,2b8f237d-e7e9-42d0-b9d9-133a52373c24,0.6776149375227821,ShqBVtbiwKkp,0.25370166163864416,MgtAOxPBlLVEewSxAPHrQuilnEZfMi
126,812f0e4d-3c0f-46cc-bf3b-6e1e271a8351,0.22382637309991127,nZGEPGLhcMEy,0.058173768020630345,JDcqWdCWuPPgeQayrKVogeFocaVkEE
276,ac22bd1a-3e8d-4b29-a1aa-0b2229ec6dc1,0.8396996726887926,QOLMxQYPCSOs,0.26826203167564444,ZaagQyVQbnNpZyoVQPYgKkcAEptPXC
71,119acc56-43c1-4052-bb07-d154d669399b,0.0843061677615673,CuxbhlblIhLT,0.6094918409795803,BsFWdDKqzHvgxLvicHUfHiUeiZZfJa
650,e8baced6-e2a7-4954-af33-ba5e5fc05f8c,0.11970291264421618,CzTuZjMMIziL,0.5556942826506355,qiXfNEhmoCoISJBFMmllKAFlcYzvku
316,eeb52f6e-7937-40aa-a39b-3eba47b229ca,0.5357197585431829,PyczrnBLjoSv,0.06349044476234522,LsDabINrqPaQTlPiwQspnCHhFfTgGx
193,86e7335d-e274-450b-82b5-397231a2d37f,0.23459650890242445,eREQYyjZpWok,0.9043523248826126,tCMILsVGwghZsNJkIvqozFvTEtHdSa
760,b56f1e79-74c2-4597-9d2d-df1ac7101567,0.3869796495372274,adQAuhChTvOR,0.44424029870168413,syhsFPRdcntXOmhFhDuivMGhdDvSgS
857,5e54cbf3-1e24-41c5-8df3-ba3c0b64f62d,0.3000959419879906,pYxLtFNYhGiG,0.7698330116717634,hdudmxozaZQDDOfyiVlgDnntbRrppk
292,4fd074ee-2666-40f8-a951-249342114ef1,0.40351407358116687,lUnzHLyvryjo,0.0763605115959024,wstydvAchcGgzaYtAaPUIIkBLtbvfj
478,1ddd4d00-6c1e-4876-8342-385f5ac775e5,0.6574267593067654,YFgbiepckmqu,0.8674481599399986,SFcKYBhsLZrBDTagAvlYGnaycWuuiI
92,f72d2f6d-9520-4d25-8d86-12c8c3ebe747,0.9662561604797384,PpliUqRgNqBs,0.6105228088488238,UbEIBdzozQBHvYMIEsFOarLmgUbhrc
323,cb489564-2c1d-4d8f-bd92-a43c5ca5b457,0.8857948104142078,PiIKpWyghKoe,0.8081736442291262,WSWndRDrsYXzakrdhWmHlSobShrAyb
230,275a482b-1241-4c23-bc1d-346e33860c88,0.008580362279461573,dKTMvzFyrTIS,0.2893644969928413,wTKDoGewrYHJQDcsHtCbFvuprcRksK
32,2963e0d6-8139-43bc-a156-3c399f6f4884,0.7981071797066556,eECxEhhwpvCz,0.9069261658100247,tAJLzdSAiQJIxFtFLvheZzCIdVWZls
342,fded92c5-b1cc-4816-8773-b3b82e696132,0.8516328465895308,hpQXvAEcoFWC,0.10905594366182758,WOzScSJJDkrzVXNPzknsTLJTINOctE
991,7e1b75db-8ca3-4419-9544-fa1067fb7eeb,0.8310818993611236,pAkTcLFWnJch,0.8700474291382404,NGigpFTctPlVFxGccivlyGeMudOzxj
625,28c8d681-5abe-4c2e-ac50-6536abc003f3,0.43406016789707624,ejnAJdROiXzK,0.7196761343750614,jmbCLUiZwYGvpcgdEnkuFDVfgUNMWx
198,93b64fbe-950c-40fe-81dc-be43e58240ad,0.5835100849416268,ccCmzdRbpJhj,0.7269053231190056,ACsfTHwcyhmxNvpQIhnHnjdMEpTNbx
316,54b2462f-444e-43f8-b1b2-1405a5e18e4f,0.7612485760105656,HPsIsnLFRsEh,0.3337310433599576,ZerFZOrnbxMTlMNzBmsKjmxCCAnWOx
906,5c764dca-ff06-4c64-84f2-b516e623a4d1,0.76762903663143,FPDWOdooCjwz,0.46915572836624475,EsIvKpaEmkxKIgxcbOMAOIfzAiZnKO
821,06193d5a-062d-42c7-ac58-03f8cc940e7a,0.18879782922300203,CZKTdPeEKMUk,0.6555872717738113,zrzwJYXNOpLwoYJFyIJZgwJVVLAicI
10,bcc7c19f-2eaa-4fa3-95af-001b19ce23d4,0.7983598497022888,masGStnJCRNI,0.10919555229762112,QLHnFlieHhILzIdFPRDmprMAKLWIyI
941,291736a3-e075-47d7-aa66-ac1b07000ee6,0.06935120656579674,vmERNlvsWtuK,0.5423473314765461,rvMcWrjhFZgGmDthxUPAtuwzudcnAS
806,a953a9c5-d968-4738-bdf5-39c90b9de018,0.3851286051968559,dgrhXToxUnGv,0.8574488795745009,rLvJVHcSvtXokVELbvadIBCvnqEoXR
320,915fc0aa-ef89-40ff-af4d-4de997a6da47,0.3313950164422407,nasqCcOlzeeq,0.24456884449100624,CIXDxuSJpXovHmTeNpXIfEGLOuBTBq
483,768f1a9d-ddba-4f1f-b0f3-9b7d4f7d0baa,0.057443685544616985,KVqQHBoKdxyN,0.13224527453066892,mERtAWbzSHaNwkxCTuyrZpSRsHLRmV
434,42ae9d42-c24c-4508-b7dc-7b69fb418624,0.7717645920063371,HhLoShXyptYv,0.5612712768055056,RQkzrNkrSpelzRtlYsQsOglPbUdFLx
76,6fd74da7-1cb6-45f3-aa8d-cba1fa181ff9,0.935512832827166,YPAUUwWtQrlF,0.6813092381130506,OJJQyBUtKiTxBoyhfWNVpcYbaCPfUF
435,340c86f3-77a4-44b2-933c-6cb65f47f513,0.9137570725157157,dzcCRwgTalIl,0.7950640793078547,ZnujdpYUzlgqEvoQfktIJdGQfIMRir
895,74d726a8-4a6b-42af-a67e-5ab40f94966d,0.46742071662461915,wgvtiAzISQLd,0.3446855500351269,mSpoKBaQegxyaYpnMASiOYKpNkbKJu
775,2291de1d-4017-4680-b219-7ecf42224a16,0.17974847936110605,cTJFPTrRsQPb,0.1563718505115821,fLpJlOWPsmEHkWGUrexGOXuAgzMciz
656,cf339ace-103f-409c-b592-dd8be1de7ded,0.11415495600033998,bROJohHSupVB,0.6426046521349461,IFbcUabVfrvSKAngFIKDyYMTpHmBZT
780,ff67ff3b-96f1-4ce1-93cd-815d57c21a03,0.8431783511519116,quZKAnjFRINB,0.19194006977381994,APYvAxcgcgSUUrMneIBmZWpmOZbzQG
546,9e29e6a3-ae33-4464-857b-773f3dd2762f,0.8032891161979032,MWFhkTfyMRWr,0.4284211947709684,dDAXPlRTygBxUVhWXrUdKWvWGuojTL
347,dd18f88d-9022-4021-b904-e66b83f53bcd,0.6047424094366076,pIkmkkRtpzuT,0.002933451587687319,jGMlCeDZhSPKaSBgyVLGLcpWoBhsPK
651,b6f6484d-ff4f-4cf2-b977-7dd605eb7676,0.6661457516317131,QTJJkTKfCcwT,0.6868564959569257,lqBnwKmNPrmxzyzSucWuLcRoEADjJr
942,e040d6fd-b26b-47ed-98e0-71dbefb2c906,0.6727181239898474,LKLQKEgapsDc,0.4239548383890541,yyxJgyMGwnqXRSKvbHrbHSyOHOMmpk
647,de6675cc-30ed-4317-8f57-cb689b2a16ef,0.12258616723533677,HlgSMYYVpLkY,0.86374846872286,MaVPZutmMEwVXWThUZINSeUCcdbwjd
603,ca5a8711-82f8-4d74-aabd-f10bf4a72696,0.9083789153209167,sUwvuNqXbAgC,0.9312828482063346,kNmvzEfOQsxMsvZUKGELdqTGcsFeOr
510,ed154470-4ba1-46e2-8190-21d45ae3ee78,0.940913248908487,UTDohgKDAJvH,0.3154436691279985,jEAvSCCgTAfFcAivneWTRONyJLnnmu
8,1785dd4a-382f-4a7a-87cb-9aaaca43b703,0.6558534230587911,MmPJPDJZcDpE,0.3600136169293706,YgUyghDJjWbdSfLlvmptpHtpLOiVsU
898,f7d8db94-2697-4a07-ae70-b5ee3ddeeb58,0.5432374442295048,mSNALyHPGITC,0.16990155982129818,MmycRxRaplIXgNkSyxCXaJrvIkvNtm
471,a1c64af9-90d4-43b0-a542-a9e9533c1310,0.20076466824313377,rSNNXvUBUeyh,0.7477444889472478,cWCTxKtYnwZHkeLPnwoVoVelqaWFsD
75,688cc57e-cd19-424d-bcc5-22e9cb054170,0.37007917513309196,rcBVYlHQHjlG,0.3631278376300834,XZvkbgXEjogGcVPovSOQQGRxIwxoVK
500,6f09aaf5-54e5-4cec-8872-66c24a769ee7,0.2972606262748746,OLIReAQwyzZf,0.8374440381238548,RToDtFmIurdPkgSGtkeyvWhuxlkQOi
488,7bcf6722-778f-4046-be54-c0cbce2fcde5,0.5926602842823977,AzGXzKGtbxPm,0.29661430664620436,pGQKCCyGpNybhaijEwxcHTvZXBBXKS
686,cd89fe74-4ba8-4ef2-84c6-51751791af8e,0.08901913994534172,YjpCAhFommqr,0.25877384867843545,euybeKcXMyZRMVJGHWLmHNVQGYNjMf
422,415fc968-0560-4acb-a954-a4aaeedcbc66,0.609680767029813,KzOhwelvHdHm,0.7207597735474736,qREnmoRWCEEObDPaORXeWxreUWLIHn
820,4f4301d2-5e32-469e-94d9-ef1c33a9fde1,0.8687247286706188,FloKQdWnrJdH,0.14851202124572926,ArwNpvKIMNkiAgNqPElaxRLFOIFqqr
544,4408745d-be72-406b-b044-3a697c118cae,0.8388751801646365,EWtPABXrKhvz,0.7561084800565221,UrfOzkeKpBIMUhWJmyFzPjiENjFnTG
698,f9656c20-fa5f-4fbd-81ae-129827ca3bc0,0.5360989346451787,qAfDjqzIbfZj,0.7711501173773725,BnhHWOyFdcFGoFWXuCHfxujdgYFdfS
62,8c875eea-76ed-440a-8714-6aca2a91e74d,0.28457634407534016,MdJwHpdfaELt,0.8349008265225735,UWKiZQppuwcGzvxZsgHxPApGRupAOl
763,60bd7eb0-1a3c-4927-b09d-81954e45d280,0.1810087061902047,HEgAETbTHkPk,0.6622187979251681,cuQrSJEJuCKbuCZjHyvSZqMNiaCUfA
450,3bb87512-d0c3-48a3-9706-c9f641ad4ea8,0.8257016871888415,BBrXAeOFhQKN,0.38413709165828247,DOURbPvIneIXoqcVLKjxVIvqNXTmUi
144,df632184-c477-45a4-8714-69106887cc8f,0.5055508059946884,UPRShpGEqYgw,0.22587007565331896,cYKdOoKmJxLfefoiDPDFTBseIhYYsd
534,8257c694-a501-4a18-a606-70f7a15c4c71,0.3403449849466842,DYjOjtKrDfbj,0.06562342022610435,zGrpwXbSiGZfuqxRaChYUbELuYXWsN
138,7c25a01b-8859-48e9-af19-d181de32b2bf,0.6705617271149575,saABpUyPKpKL,0.2903181025858106,eLGgaSUamWrgneMSKeyiWkqfhXSwrv
252,8cddfce2-95a7-4727-a81f-4153e03bf65a,0.6596847833058502,nPQWvRRGCBSk,0.37508756526867126,SybkGRspSOxSfYZyBfuOMEQnZKLdGb
615,d3ada101-d7ab-42f9-96fc-4e201acd8a7b,0.8034993840626201,fZBALjOQOJcJ,0.025096336094959426,aKGFfFTtsJScsotJobKpqVhTVlEECP
376,1debb827-2dd1-437b-843c-e8b8bffd89f1,0.7059556809355971,ClelXNdKHqVy,0.8019621239439523,CYBCOqgLdCxchgcqeCCjglAAhHeIDb
25,7e8a1ec9-fc59-4705-809a-b560fb0720fe,0.9183192978435772,VBfcXRNUhcnw,0.6522388950336243,XATmcYqzORlaNQOhJSDLywvlyeDekZ
538,3ee4554b-0414-4dae-b039-2597d715b667,0.8214070591662388,EAPpoOKVpsLf,0.06984858444688902,pvWbDyEyIgpybQBEFrAzTeiLRCRilF
899,3a6e3737-84cc-42e6-ba2d-6dff6d2fee47,0.15044734666837367,QGvpjWlhmuED,0.7650903208215458,lVPWFUlxpJNYMAoczBQTRFyqENzdUG
696,e568ea54-de13-4669-813b-0f504638889d,0.22476878888321883,IMmvQMelmmDL,0.7440406860454531,nFJGJfHyavHRpGolCSWtKQVjvLTxOR
144,9692396b-2bb8-420f-a266-6653fe40fe1a,0.17421311435879472,tLUbTHEIVoyo,0.8481643167961369,SvpMMRsRFjnYGVEMmpQKgvstjHTfHE
483,d61e295a-633d-4df2-8dda-cd1df1ce2791,0.036894691826161896,NqgsGtcYOUhT,0.48805470422907316,jWNYZnydlAWLPzUnqStIYZFquorBMy
500,4a9f71dc-2dcb-4509-918f-bd49626f1c57,0.864817406148702,TzlJpWDhoJnG,0.8151862460850219,ZUebiMeyLgDMLqUhKaGpJRNWcyZzCE
595,5370b427-7268-4f17-972c-fcf33cf7b0e2,0.3765882011177163,AlFxQFslDKTX,0.23950969360121066,PCzbNlrAXjMxdGZHRPCYeGjYQdNpVA
677,fc05c249-e46b-47e7-8c3e-c20a4b3a23aa,0.4069819324787979,CPUtFeuCWfSb,0.10625519906134462,rezmtRBVqnlNKPcklXLUhAcMSoNfNV
618,1a15534d-3b57-4562-b1f0-fda8733bed09,0.2889274230701274,tmeBgcXRswzV,0.9293484664847098,LzJTEvRFNpTxodLHNJcQDGbGgfsZOk
29,73f05dea-ed0b-468a-9669-c26ffe08911e,0.95086476706356,CcPkTNexwFHb,0.35735764848456575,rbioaOLFcvYvUyCgUnhHkzzIpowvKw
367,cca57629-7fa2-43a8-881a-19bcc0f59ad6,0.5088658974943702,gcKQGyITmyiG,0.06941160863046414,UrkdRuiteSfnXhAuhMseLVMeXgkJfd
94,513a8cc3-a3ed-4ded-a60f-6f888b54f5e5,0.42598782462564866,gjjfavcHMNXP,0.7971436200749319,SYRdIzGWHSghxnwBdHYqsHZcqbhMjP
93,373f9648-f551-4fc7-9c9f-88228b68bbc4,0.07758231322151465,kxgNHObaUJcA,0.17123563347160886,AjSfmQcSoFxaobvzDhmrBMgORCQYmZ
112,341d01c5-abbe-48df-982d-fd6b8b2ab603,0.30021052628755673,RWOKPexXznFL,0.0023740008093238174,OJAMiEnDthmueBfMftwHoNDKfoCgbW
17,76a66b6a-aaff-4357-801f-b7e8ed6f0e3d,0.7943258818705617,oPPfUanEgAeK,0.8227260785814341,fdreFwvbFUyzPVKeTgExrbzKuBgfke
973,48c16556-6dcf-4d26-b59a-2eedaa728185,0.21675947815719576,mJbaCdAUdojL,0.6098815078213339,pbURqRdSTFvCzLKJVbPTqEDapKalpM
475,c8ee6686-63b0-4a25-bb64-5d0443e71fa0,0.9658599325719337,TyXUnZzcAmBq,0.018679746774292072,kimAEtmIHJMytvGgYRjGCjUoHFjGuT
461,7dabff0f-b1ab-4570-bb05-aa5d3a7ed93d,0.3105278139692219,xcuZEsekQilB,0.27634066785977696,rdqlhcysCDFnEHbjjuPBUZsPFNJGuE
490,af0e5b2f-7e13-4858-b4a3-81bf35106055,0.6752111272362924,wydrWdedRzCD,0.18162166307022776,fCTaxkYgadWUqkXWetUYiZWazCAkIO
458,dca74a08-1eb6-4920-8f94-cac6df18573f,0.06579850390200925,eUIBmxvWFnjV,0.11005378799731635,QSvAANvVoAbnyiItDNKTlfUvlJknKJ
632,bc604dc3-39cf-4d88-b693-586d6542ec5b,0.8517669261185035,rDQhXYVNbUfN,0.19171643591911258,ONHJfzSuBJiJjPoDUUxeuYEGUIYAzq
763,94164dc2-d654-4ac8-8d17-f0de58e8a2fb,0.9804976555894849,fAjJrxwCiDmp,0.18145697433878794,OYUKdUaoEZfGJGpfcXQwVgodehxCVw
433,553692a6-03af-4efb-a704-f428ea3a6c7b,0.03235269902391735,FAfUqIzUAJNT,0.8000960629489549,YzPZYDsdcPCfMPVoSJpexNWIkWDnVn
192,146f8eb6-6c25-47b6-ad8c-1880dc59bbac,0.4234924243649154,QFCgsWZXpxmL,0.3366202149064612,ApgEnQHmomRiMiXDrnLFzftpjhpqBw
685,eca6bc7b-430a-44d8-9065-2745167a7506,0.7448039848524086,UHWZfoiUkouU,0.3026547084630806,KHgnHDcKyrBDRiyIeywFUsvfadUbOa
420,db51ec16-9a49-4d49-83a9-12de70ea7242,0.13165428810091961,pPwlfYwOZpwD,0.6179497498544109,uRYLThNPLmlJjyycmhzwnFyGIWhEor
418,75aaa50e-91c5-44c4-b4bb-e029f2150753,0.2460521449213584,zZqANQUORiHf,0.17016915626803697,MRyPvEneelVjGiVmzRvJuBcxNiAXmT
645,1d50c542-4901-4027-9092-a76adc9d4348,0.8386000448578274,PwIzFtlRiCor,0.5467182680545555,hGSbMNlzfvgLYOwoBLoaPORVjrvkSD
802,7ad3a8fe-4176-4491-8bce-4eb95def93c1,0.2050729193433345,dYxHQkJHCwhN,0.035170940012211105,SQUwBGzBCRvXgvOBVxXzOoczqBdLkD
763,12b6f140-1760-4652-87d0-d2b0182697f3,0.6775789110719023,ilLRzGjYLKwq,0.27859925002222663,JxalKOtTlGsUyOcwVNzlUasjGQZzgp
297,f52775ec-5c1e-4cad-a5ec-403b4af52305,0.7792258884132433,WwnbpEPemtso,0.24470599941231608,QYMeZdjbqHFqzZuDGzSGIEqfWrxbRw
208,ae9f27e9-dc68-4e67-8a31-fe48e2019580,0.7854089366106738,jCVwsybzVjDx,0.5623477079432527,AdtottqyWaUnjmGzeEiVpwOplKZyvC
783,b234f5dd-a56d-46fa-b024-91c3215ba211,0.1566906588198631,jGNwZSpvhbhV,0.18175895723163438,cInGoRBbxLQKnniZtlUyPBsufHJWel
596,8ad4325b-2177-42a7-a1f2-a3810b76bf14,0.9376824769438101,avSHbsYherUh,0.5139220151642493,xilxYAJwHgLtBmawauxdSvDkzbHYAx
18,cef0362c-4f3d-4efc-bfa8-b074dbeddf20,0.5389302074636919,sbTOVfionJlk,0.8835781419597474,hQMmvFpdshngkYFvzrqetHNmRQAAkr
683,e8305074-7192-4f1a-8d17-320a06d268b2,0.3743177572176125,QeAfsrvZyWRK,0.8455340966946674,gAzAbyaOlqYNMFzDwUDQPHfSiSDnOk
17,1be5ccd3-4b39-48b7-880e-1d83c4f1d6d0,0.4252090740783774,YWSJWliUVWIX,0.2997647079425316,OeVJyLgmKYRwzHRCVrxrvlHAGTaspV
846,01300a27-32d3-4482-aeaa-28c29097525b,0.916232945947052,HjqcARKJDfnV,0.4647322233310298,TWzHieaQpCtImSrxCjIvSsFygEvNNo
341,b91daaf6-5c3a-4047-b22a-f66488d1e69d,0.6437571367590752,hwPcpDQucgDk,0.4652605219789614,TUVjYjPMYmATefOaucxUlwgcnTPvGp
639,70a7c3f0-ea91-4fb0-8855-88432f9fdd9a,0.20564288404299758,nMcNRWIAtZco,0.3419207790095977,VSHPcIsExQuohhUGotaBsgJaZkIRGm
136,11ab6332-9798-4585-9ee7-e847f69c00b9,0.6993846095395835,dYuQWUyxkIZH,0.6135031202930423,fMXukRuVSxCNbSdroWidVEpAKRVyZK
722,db9d2451-a858-41b0-b321-df02c93f0bc4,0.39880615859284263,BmNYATayjbWL,0.4002634514614908,XeNriLqCoTZOWLlWNUKytNMlHSeNmG
691,f297c026-563d-4f32-b177-a94e0308f2cf,0.7007391984667725,hesTFIllDFbu,0.11677786440855165,yqRcHEkZmVWvCEzgvlJGTgONVXAVUw
712,0fc98d2d-d5e3-48ef-afc7-b041c5f9cc42,0.22451949128363824,gZvdclrOHmat,0.381664540614678,mEAqdpBmyPBzcljFkjsInJvaDXyevd
341,b3dabaf7-0544-4f06-8b61-41b634423ceb,0.8094011984627331,PqwvnWOyjMED,0.6196192054222103,LtLOeYWPtsPFJNliODOAXLgbKtsLkW
799,e049a732-35d1-458d-9ee6-6e959d526941,0.5778375360995199,JOZutzSueaOt,0.22745527141974697,RJPhxTeowMnHqBwnxGWTdqjSmwaGds
557,92641ff5-1109-445a-9080-eb9435400ebb,0.4567290225850841,iqWpPIHxqVUn,0.8054210222494839,dgWXrXZGLZLeZPEjLMabXORJtXguOH
418,e5158f0c-124e-43a7-9cc3-1d06e5396fb5,0.10402390191249344,XrRiKKyYCzcr,0.6848067724590748,MvDoSghvRmYBeeVDrlsgSwzePKpewS
847,99d022f1-9aef-4c8c-a2cc-8486832beb00,0.9016508739936328,wwDMmvBdnqnm,0.46442838253576735,oIdeEYYjCOvhqpteUkxUvgLupyvYMF
949,b8ee5422-2e2c-401a-8c0f-e931428ffdc2,0.7227142150304772,DrGqdGdaxwxa,0.043646036423383605,NbcYJVvqYWxiEMBCZvBsOcAQlKJiqW
171,045c6935-9d02-4d93-9432-5338b80fafec,0.6994325169469451,WWxpRSDupqvz,0.5040235256707903,zAGkKBBFgfriMiKIkuKBVFNlTJgJVf
558,92baa45e-2cae-40b9-91c6-96139f04686a,0.12652803317688577,RBHDdkHWTGpX,0.5794189145000626,WXbmYPrwGihXJldtlVkFPxemzfUTMd
465,0ad1c88b-b123-444d-963c-09b12a09ed96,0.11425595359182528,RGNyyMdBVoLL,0.7626854836569216,QxcObPAOtukBYxKFfzCOTBthzjfQxS
580,80ff75de-d9da-4ddc-9ca8-cf7afea04327,0.10122264853922713,ZRtwVJBxgowK,0.39728950855809664,yVFIEmRFZCEBtevAhUluosRPYjQZRJ
706,aa4ebaca-3c76-4c37-8a77-69798291ed87,0.6773513071996328,FqwQaRSsRWHS,0.5418743212514506,jrdSncerFYQsHCuMHFSDUdGRBNHxzf
746,a87715fd-2096-4d86-8221-9e5ead50b4df,0.39010828018644894,awXPOSLczuJB,0.18948917190794967,NtfiCxFcbbPdzvJamvliMyRtQozzRo
135,bd2f3f79-ba47-4c33-96d0-739cd22520c9,0.6515555414594119,hHHZEWNpyMup,0.01793414721738773,WynVtofDiZFxoZbDPcFFQhsFDVfwaX
137,25b6af4c-642d-4186-ac2a-c36a5456ebd8,0.6156740985017399,PDHjZTLnqWrQ,0.04868207773029121,NajeFmmiEkeUvFxWMjhGdabdqmCEuL
921,df10cbf9-f3a6-4dcf-b812-7447c002edf5,0.4436015189574408,sjSlHmcGTxzk,0.016335480178777173,oLRFjHewiaYAaJCzmbuEclTyLuChLT
791,2d7e7c8f-cf64-4e0b-9443-0ca68c7739ab,0.34694675536758945,qzSTpICKfaER,0.4227829383457421,ONJosFiDJVBNmeCdQFiufvwgnUYAbh
628,c6f92695-9d42-43a4-83b2-bd11951fea39,0.6770121310200798,kgROzWWVTvKE,0.8904575423214454,FXEgdjDZQHUeDdryNtLczZpxMsLUUB
598,3c8d13c9-7e0e-4458-945d-de27fb604bdc,0.01692909273031684,nNUbLhdrKKMK,0.7308399345712739,mUQXEaIHixgFIJqxaTeEgQNRPawgke
578,96487b5a-e885-437c-bc16-47e7f23f63b0,0.08020439591483486,crHWydPIUyzQ,0.6975534046645518,EkLLydFbkZqiRdapOTVzfbAdHeRJnE
617,0d3c30c5-3a89-4c06-bae5-7732c17d98e3,0.6270312153965314,pCueTZuOONjh,0.29600125198171257,LFgjLrWgUjOXJlHUtgXkkchRirusgA
42,68d30307-d34b-42a0-af98-afca4dfd4ca7,0.7118284695268285,YpGLQIhudXUT,0.8731367097887437,zuwEVwpUIvWlcArniWbCiQBFQLfCbi
657,6e4cc20f-8c32-4929-9264-d4b26784a3fd,0.6423874570516627,zeWlvfrXBVXn,0.2946079149551971,WpCCjXZnlYvDNAuUHJDmrMIcMKfSZT
72,ee02d3e0-e962-46dc-becd-8e84048737fa,0.488470919451385,MQIddncbulDe,0.670234677272587,KFjQMSefghgvyqukqrnsmyIxeHlbjj
306,33dc5143-115e-492f-9965-9f02a287b26f,0.5535414471458051,NbIWOWpXTdsv,0.9895682332777268,MSJsnRswDoPDvHmmBzDHRbkcQqKCMx
937,bd127695-ec2e-48f5-83a9-d0776d7a5aec,0.47521023767252824,kOGYhtikTKIT,0.7473602869451008,HRnhfpFJstmmnsiUHsUgSNggvnMWsU
701,f03b6a55-8334-4a3a-bcad-8d3b624a1e61,0.41325058423194616,EUcvUgwmtgRG,0.7820543631677184,mNWbcmnfSkfXHEergxHoJcEmswSSNO
705,c377f8f8-5edf-4871-8a49-418fc04d7126,0.08029688197527907,iMBukIsFWUCK,0.7969882098496872,jSAPvxZWEyWIOIsNDDdNQSXQjDUftK
20,327e1a4c-7575-4413-b82e-c244fc1419e5,0.8670692545790937,CJxQWXpnuhYb,0.30272037748568503,KlfTOiXukqETUYKZIuQJxYHDZSVkkd
228,1ba9704f-a409-47d7-98f4-22a4621bebc0,0.0802168748753802,erJYAJRZLhCe,0.32876448644463374,FkomPxMIoMKBCagpahFLyeEDCoRoSc
599,c02141dd-17e1-4194-bff3-21940953ea2a,0.24282480420494268,tShqLRZDMUOA,0.9465855768590659,TOPxUxIuEifRwqXEbKlhtuvjfzRhEP
492,d98d4c42-728e-4084-9304-8f5cfa3e1dcb,0.6176439463110887,RBPQQEhcWDXb,0.22079050442946146,fLHMBMOuXbzXvYJWnQKJaeSqpRbRZv
377,749a4a3a-8100-4909-9aeb-036285ff92e0,0.27984368258393255,sgBQyHfJIXUa,0.21238677060561917,RMXkMkMOHnnxoGwJksMwRfbeKuArJq
630,dda64b5c-bfb5-4dee-b999-900be50b15f9,0.2613788079070615,WSSQWPsDGYOm,0.9937513787173895,AZGhSLGcMGNzUrBySbclAFumEaiMlQ
753,13722835-1d4e-496e-9e00-1b9d435e8933,0.9321908702260366,rVGSqiYOuHlR,0.5515126579857536,STEBJTJKDlEhDnrLfoxSIqGQHscDNE
940,9e1c0c24-35b1-42f2-bdf7-7528ded6f948,0.40598788909908423,rueIUMJIldrS,0.8535004073510886,ULrhEglFZpccuPXRizsIkcLGjkpZdX
137,1160c480-6600-44f0-839f-12b86341bb2a,0.010507989731206702,ZPIYLRpecVgj,0.7080861989550332,FyslMHnOZHHfCpzkNUMubfvVQzqoNf
388,13d3b6ad-2116-42dc-b1d7-9de3faa42a47,0.9643577603808694,ibCLHBWYBKqN,0.6139682556906508,rdimLjOXiyPUHMhEHZDCwdRhveerqZ
662,767d082b-cc38-4089-8d09-8e285583eca1,0.5341241695547017,WPbGXRNrXoJK,0.3237330179821789,YUhaBVddpMIIlvAEBKOgyHMCMbjVqj
262,d9e6f441-b96e-43ba-942e-4859fcd89524,0.1475212649264035,tNhMroGTDPcB,0.9968255768397134,KNuYvjvmMjFLGWkocOCNeomeNVKQDP
896,ae837321-dd16-43c4-b45c-ac17c0734d96,0.26190376572904517,OUsKnRVpjaNn,0.25535459965771923,xfceijpMeBJSmHVTrmOcmXdVQdJCjo
426,b42926fb-3821-457a-beb6-22517f6b99a3,0.6630260459039222,DnSrCyfZOpux,0.46397196698799614,udEChvApfQBjYYZqiGUtSQdDOyKbUR
848,18195306-96f1-4c40-bff3-dd6cf945d09f,0.5092907850833621,GkWdFncEcNuF,0.9648064047311123,gckdsSBGUWTioWOkZrrXayyiefZQqy
422,d47bb5b9-2640-4799-a04c-3340dd4ccf94,0.5519714362014358,aBKuJGgGRyNk,0.35637707053214485,VGFUQGoIMtVrWPFaguSjIZYfGhVjtT
79,2fbc314b-9b60-4e7f-9bfb-9ebdff172958,0.7007534596437901,nVUwiNxszIFc,0.3729950583212326,clpCbrmrJWQSbKoJdsyqMKZrkgYyge
686,1a2e8506-72cf-48d1-9628-04f44b13881e,0.3141603008470507,OVxgOtGHvniW,0.4880745960707994,bWrPQkPxoeLHCEHTuwfzzfKSlglrXk
335,e353822f-bc64-461a-9168-4870871e1420,0.2973770191537912,BrlsDuwOJlEh,0.810077385217285,YsoUtRLSJfiHToAnDkeuMcmgHxTBYi
7,57f6f7b5-1cae-4100-8729-5648d4dcd90f,0.18591811421604065,hyxTGWzSlBvb,0.5804635875873121,TpwzfhGRBDjaRiVTcMozHsKCIxXXoc
865,db03ef10-b17d-4520-8ec7-557f7cd54e50,0.680941248243124,BYVBPezseCcU,0.6521465066480494,pzLHYogOXqVhVmNNgSEFduueFddrIy
472,ac0478c2-b49b-4902-af93-61c6c0f8486d,0.4249227879943197,mTAfJkFfUAuE,0.8960760150734007,TTiqfqlDcPukePLHPUUwQuOjbLXQIL
459,8586d744-3b29-46c9-acaa-254c3d6bf0d1,0.6537065043354637,JQvqIGpwQEvX,0.053127540588550515,jQEySzYkFgSKHdKCrdNzTKHlJkVlSd
275,63d586c4-c31e-48cc-b918-3406e433b9ca,0.8451148089415532,OpfRgKVDdeaj,0.8419461091319188,MSUjAimHuWKNxwuWIyznEVEuvZVAzp
704,ff0c1429-58f0-4a73-bad6-ea9838844be2,0.605418093004281,mDNWIDEIBtNn,0.8304205783175889,BVJaxdGMZcNcYcFernBvpqRpfhhhFQ
63,1cf053d0-06f8-4398-a56c-9ce13579c3c9,0.04359621855310114,VOHQtLpgVRuB,0.6950453934971669,XPsRDgrwYDUaHVngtlomzbYSqKLZok
801,e13dd6f0-dd4d-463f-a3b2-289a93e07d1f,0.7898293804582719,ziWbFiTsMVlO,0.6528819748696643,GAKWwNUnBFXMgNAuJCrNPglCoIaJdi
817,3808ef42-1098-4d28-94df-23b9efbc1f2a,0.20559618961492154,JuQRNQOlwrmq,0.74218381792036,JESnKswAUEtRCzsJALwTEwbCkjtOYY
951,8828ea71-cd0a-46da-bf02-878e5e8d9184,0.4865370325358416,eVffOlZLnzdx,0.7031010205507928,MOZhLXBwEKNUlhdYkVVUvlYXRIueDu
128,52862dca-c6a0-4efd-94cf-88cf74b370f9,0.180209127088801,mbrpxhPTXQbm,0.6902998378204167,GnlLLwgXYArjJphkUvowkJrXgqAkkD
407,739e3aed-cf70-404f-afe9-d980243cc9ff,0.4760654626159393,QuqmApeGpLyN,0.014721305370899329,TScVCWLDEMDgNAzSJMiAvkhWVUNwty
200,bce0455a-8145-4ba3-8b8f-77778b1c4986,0.7241223277321983,iZNoukWrBXUv,0.8643512782014761,gMciDSGSQRfAbDgUzFDhfxXSlklpzB
275,314b53b0-9127-4aa0-9a52-a458d7c07b9c,0.9841644788016721,akMBHcTgFKVw,0.2027621742657829,QSNehHXrrCYgfyFRpgwiHVCWBkZhhK
229,2e955f66-e804-49c8-ae2a-7d0ace7ef302,0.014675027496326654,TipJCsESjHxG,0.820462078522199,ReGpMQZPAyKqsoGOquHQmsISHHWzDJ
212,8fc1588d-5690-4d64-bbbf-b13e41881e12,0.24820496727099972,OTJhbdiBQcQI,0.9107504323363325,bzscbJbcvfmFCZVktHdxlmgKTKdUyT
851,4694d5f2-37c5-4de0-9b90-cc38923d3474,0.8126560698993794,tcsYEaXgOrCA,0.9911126876491884,xYfmrIxeLxvXMYsDKCLpRvlpohKHTo
976,a2bc3b7b-beb0-46bf-8013-998b66b4b2d5,0.2759362698504141,MJAlfIFBKgpS,0.3733510539402003,pPgCApnrLYykVGmGSRRWETJTzcgYPh
979,30ca71f8-8bbb-4979-8199-560900a5e832,0.16614418683181942,LxqfCgnIibMc,0.5226996399256293,scdjKTFygWXkwiYxiHMBTgyLXWfPai
189,4a27a91d-f4f9-4a4d-bbe7-77c169d3d566,0.6378776091232473,EQyRibfVqfOM,0.11783363896371057,JbIiAVxjHBbOUlSzvociWzExTNVrLU
377,014b6fa6-b058-4942-accc-55e2f1a549d0,0.12169305832063304,FwyyDQfMVvYt,0.5496469550837405,HvVANGXNsbstjRsKSKuPfemIEHZgtR
876,25f8db9f-62df-448d-ac23-636120aabf3f,0.7929467265153205,sUWGetIzPzYN,0.043856356252243045,hoheSuMGYmWfeHVOBPMuKqJqUPaoWW
731,44b2f072-9fc6-4d40-99c9-08827217e710,0.4341627610713735,NXBuVCQwIwLZ,0.749177986572487,QXfgdLsuLMnxUhUWzAbrdSUDypPxbx
333,0b12c844-8acb-45dd-b9c5-48705c709b1d,0.716067067552865,GpdCOZoDUfsb,0.3208511461041743,LzovyKNjXUgOZRSRUDWooaKpmZkVuu
993,8745b03f-76c0-4986-b25d-69a605517ef5,0.28124336423303087,TTxcizXPDADu,0.5769345960009132,vvcvBYLWiAWmclIdJJQEktoJSZXNxV
111,91de08b6-aed7-4d50-b029-3de378d87646,0.6461652471054388,fXgXPIOEqYtq,0.12733783869025395,gOhHDoQGZHLgVlrClTopwtmyrWvdXu
818,7c651728-14d8-4b16-a3ab-b632dcee3ecb,0.4359989503020849,fFPnTDxUivyL,0.9114751361644899,sBhaFNGScXpSXqciLDVPscmEATtPvW
729,f6c2c102-66cc-4fea-98b6-793bdf11f0d3,0.5418350571745457,OVqhLqidRvtC,0.791314719851508,KNnAKOkIzVpSaeTbTNqrEihbsSAInD
464,14152718-93bd-4efc-bba9-df8234b1d4fa,0.3099584790859021,lrOZHwAQXHBj,0.661349873736482,fpySuEguKdnxjzEPiWuefBBLCZXrHd
462,0a44b57a-a7b7-44cd-82e1-d57101ac0518,0.31673095990004485,fsFZszFSeUOw,0.29410566395718063,SEEPGFNOPSAOtmyAmqIxpSnMGUjSik
107,c5eeabb0-3d25-4519-bf73-647bb238197a,0.6521284860157517,cGVCDrEavAKu,0.9051868003763093,BvjDgzneXfYyLZSVWsQeoHTnuXCIar
37,e8ca740c-9c12-46eb-98ea-883febe3e7ba,0.8592910551820722,VncfnvXJsZpF,0.11200197897626896,fhVzHLVWxfabEDmnqgJSfDsFZwtngC
134,e9606f6e-a34e-4b77-99cd-b65bc158a7c8,0.3986719589166223,tieQREGhUMuy,0.5704652078057917,BnWLicuhcXuixNwZwkzFCnMcfwvmDI
