NIN,NAME,BENEFITS,ADDRESS,BALANCE,ACC_NAME,CODE,DATE
5d02395a-aa3c-4ccf-838a-7ee7e895e28c,51ee65fe-9e29-4d53-84c7-4f468cf22841,0.5364232158909743,xzNXVjTKMblZ,0.3890735732555758,RTvOksZuyuGrcPEIHNEMYRwLsaTicS,273,2018-11-29
1d607ee6-4ff3-409c-83bc-aa3303c4e0aa,75e9ff40-8ae3-47d9-9031-30a69005eac1,0.4258791640766336,XWgUsSTWzMXW,0.812423404454849,zcrssxdGOplszuyTgbjUlDwIgJMOAg,189,2019-02-27
0f781d2c-1219-40b6-8084-6b8164cfcf14,c0ceaac9-a789-4e19-b6d1-8eb40937d115,0.4766975954117624,fRBVQCxLqlUk,0.4469550871049891,tZvtBnmvoyVpwdKfYJZYHxsQXvfjJE,278,2019-09-14
42c85710-6a77-42a0-94ae-ab21f07033fe,91eb1ba5-45d8-4c0c-861c-d95e2c72e289,0.753817971322342,doaWBgtllYxK,0.27366397935887954,EYwKEbqtjltkrpyNGCMySZvNWAcAdB,145,2018-07-21
7e192380-94e9-41b3-8962-5dfebe969e20,4017e87d-425f-4cc0-9a4b-b4139aeff5d7,0.43737333896330965,uJOBPOgsGaxJ,0.1284821497963602,cKhUltwaarVHCJzgJKsgdjRLgOHxaE,61,2018-02-06
b25cd762-3b8c-4ab9-beb1-16761bb31246,e16383f4-b728-4203-b441-2deced0c588f,0.14763291261896505,tVKUeCcCrTTW,0.40047315420214746,mxIwoKZQnhVkvSJewVbCsNfnaqzDkc,155,2019-09-12
07eaf1cf-5db5-4441-81ec-c493915321f0,d02af10a-592d-4330-b2be-da2103ff1c43,0.8587065448910147,ySiJvYoJcZwb,0.15610196618404237,WjcqrOTazAxlVhgkkMzcHwWsZwAXEe,369,2018-09-30
5b09223d-4e46-4d38-a780-ba560154351d,a9b2c1fd-b398-48eb-b77b-0737d1d2c273,0.46998480186704683,NZotvdUmWkrI,0.7912138600603803,jHRsGvQNljKmWnITrBKgwkYEkEgmJp,203,2019-11-19
930916e3-9599-469b-ab57-a2a1a144a8e5,5e887fee-6607-4216-86fe-b2f0eb66e6ae,0.6079950836690626,yLqVieySfyBD,0.4627920830516893,DQIKxSLYNcuPPpnMrByOEAvauZHMuk,376,2019-11-02
e45d1e4f-b09f-4ee4-9a8b-0be82ff792ce,334579f5-8ddc-4622-a0f9-5ca3d505c8bd,0.180691113875741,mlBdrzsCWSVM,0.2927784435284566,LTXZOfTmTZcFzrvconqYvIKITMTWjE,366,2018-09-29
261b16d8-70d7-4fde-abe5-a6f76aae146a,8cd03d26-afe4-471c-8cef-ad439378d434,0.0916318629319468,kGRPCfdCYkEZ,0.7397205434526093,iXDbuMYjxWnCpefupUjkNBZqyaoMYB,117,2019-05-13
f1b554f7-86da-46e4-a8fd-9404f6cdb6c0,f4f3e6e5-cc20-4136-a07f-f6502f7d85c9,0.24698959880073035,VXzRUQGPBfNY,0.6179258086748172,gmlZGxYljKnEOuTSQyODcjPRsBfkyR,476,2018-07-21
5db30f10-2b40-4aaf-a746-91bbb53def14,d8a57d09-04a9-434b-bfcb-3bb7c9107ee3,0.13456728936710527,ZuEfFQOTwDfY,0.33760141226505014,BALpyjrVNctgdGdNydOYRBiJKoJfRb,166,2019-10-23
68fcb82f-25bf-4ec5-87f0-97b57357b9a8,ce5acee1-d61f-46a2-9722-7eb81e35a017,0.5950245966340572,pAPGQZuMKBFI,0.941168154446363,bbZMDEuODvJByxGMJAshfdiVWoPdaL,449,2018-05-28
4a4c8878-ea0f-4530-90bb-7b426dbbc537,13fe471e-b5ba-43fa-8bd0-729a36cc8c4c,0.9908643091861975,wrQCxTLSpyrB,0.2958615434999483,mzMMFeljPdoGqKEHKQgBtVgjQifzhr,325,2018-05-08
e94d2060-8652-4ae5-bc89-f5cbe37d041d,a0fd0c4b-073b-437c-beb6-c7aabe74fd77,0.4767584334758457,XRZxLctITVTM,0.4530210986558878,WvTHHpVEIxENtMakqhhczwXjdmwBSf,22,2018-10-04
cd8a165c-d371-40fe-b18d-d2d1bb8e1f4a,a2241fc5-79a8-40cd-ae4a-2698c97caa71,0.22681638588987507,jtWHBmTAeKkH,0.14047438329904738,hNDFMbbaGbPhUYCDrJnIwTITjQLhjt,98,2019-12-17
a37f1466-c706-490c-a42e-260afc96846c,97282554-613b-4c59-9656-4d73cd4a8a8f,0.4697526503958933,xdnJUCPhquwt,0.04851736324455047,VjZZHOCYBqgdZLQvPONJTIXIecrvKw,4,2019-09-04
3a96f222-7347-4b56-8d82-b71e370fd8f1,d199cf90-ee3a-442c-94da-645d3a4c21b8,0.35522450803705385,wDrFDNCXKIDz,0.7038286308965009,qQHLaugmrALmCodPYAxEAEXTlCITAh,165,2019-10-28
726c8c07-c381-45d3-b993-242637965ac9,529ce491-51cd-4d4b-91d7-b19678683545,0.6167686625405641,DaVsCyzEdpTw,0.21060548034019377,SRJQsgHfQOpEmmtcKGrRPnUBZqkgmH,61,2018-08-25
f8036c4a-7f5f-43d6-b904-d982bd2fb198,6d57652d-8e14-4b68-948e-02a445c1adeb,0.028067570119184926,ktQzTuuQRhOR,0.44650587985657575,VtllLzfIVFfZiqhidKPNMotNtECJOE,477,2019-07-16
21a9e730-1f0a-4cc1-ab58-a0239dd89aa0,b1b63c18-ab6d-49e0-b2a1-124b3bbbac1f,0.9118894929325656,NhYDzRLHloJd,0.5636754432981156,nMIrtuELnDScCYndtwqxMzgffOrkQP,386,2019-01-10
f34bb5b1-87cc-4a7b-897e-ed9430e49443,0f6416d1-b314-48f0-ae22-f9fb32a70026,0.4210225309891331,ysHnkPcyIRbH,0.5711200233426938,QonyrrJyjSHTMBJybvWygqAhwhhONV,300,2018-08-15
6f722000-3ce7-4845-9361-08ddaa3f096b,5601e266-8926-47e9-9168-2c7bb0cabfad,0.6698486153649351,ROXIaOpMaZPg,0.15287658829448902,dNCkaqIYaLMNfEcZRBilQEzvgWwkdz,1,2018-05-05
78195a19-ab5a-408f-9fce-5cc49466689b,13f894ff-6657-47ff-889a-22b4c1d36ebf,0.5402610567756808,aLNdAxxJxbtr,0.8569089329210562,HLdNEeKqiRBZVMWYHessNCvyHDiucG,289,2018-01-21
f01d375c-c97b-4840-9165-d9b37dac879e,948d5253-67a9-4889-a4e3-8e2155a4d5c6,0.7896085086907885,MMxMrfLoOuLv,0.8540850399662313,LlTFkeWfLKcmluIbLzBPFpBnkgHfwb,420,2018-08-08
a6fa28ca-c1bd-419d-b8af-2995719b4e61,6216795d-e817-4849-9ee0-e1828ce72f68,0.5544661936252459,XNkCzzofyUmg,0.8375934504812161,UPeaDPGgJoMaSbYFZlxKxwlLRjmOpX,87,2018-06-23
b0a67a77-7882-4ede-b602-9b6bd2290711,1aead611-bd8f-4e51-a80d-6481d0158bfe,0.10470400180368311,IMzWmziudfNq,0.33751045486293585,NfkyQwxiFKywcjWWcxSfoKKZZpzRCz,172,2018-04-10
80aa3fb8-b41c-4878-83b6-fd8809410f99,eda8051e-ecbf-41e4-846d-21438a14327a,0.28250911424829783,kaHkGRJapZTI,0.32196233283642206,uXLAPkGujUjztepSUeReFSNPrdsHyr,374,2019-03-11
6c769cc7-93e0-41a2-98cd-282348a9cae3,f9a6fd84-3f18-4faf-8f80-f3f8e1204444,0.1437268947672612,WgfiQGENggAY,0.8841386335973366,pqOaouZHBXCHtjUHIwlemPQfzcTsfD,405,2018-07-20
56392c1f-353f-4813-b524-bf1e01ec10a9,f18a0d8e-c33b-47d8-a958-e0231b971913,0.9509370326640235,yDmRHqLWSRMu,0.11860761722910862,qzTeVWioHXnLGQwemVgiuhAGVaLDhP,80,2019-12-30
5dfb73a6-80b8-47a7-b169-3df3ebe4527d,f2c03b55-5d39-4b61-b53f-d7792ccb866b,0.38767040102441797,boXDOSfsEfPb,0.06761955884636883,OByfGSvZmVJOKmzhitKVHpnpHFGbwu,20,2019-09-08
447d0b12-046a-404d-a4f1-5ec37e7447cf,5b4caf2a-2e0c-47bb-a6d9-124956fcfb5e,0.7443026055130137,ZwbPtjSxgTQB,0.6406997627006448,pmVdeGmsZGxtPtYztVOhZWIvzagkcR,177,2019-08-23
9d0b60b6-0209-484f-9f93-b892c553616c,a8662f83-70c9-4ea1-a18d-3c59252bdc1a,0.6199016782218916,KchSEbxzNEaN,0.5199619071742275,TUAgxaoEwjUPIzdYgCMVvUhbvIGqTk,44,2019-08-16
79a95d4f-6eb6-4d6d-bc52-43529d2868c5,25a67795-39c9-4280-9113-eb460c044d18,0.6714091767681832,qiNMXWNFflcz,0.5049077841308797,TnzqPWFiQshJdMCtyGrHMMioAajfao,21,2019-12-27
1cb7d953-825b-4516-877b-36d9d7f1d0e0,f11f1ec2-67bc-4560-9cf7-e4508ebf626c,0.9230287151863643,kvpyNZqxKcFZ,0.7520754976657407,mpwfDlOCDhckChiLlWWJPmduwQHWqd,164,2018-04-22
683df219-2cec-41a0-903c-0ca16e323463,bde5d1b8-5ca9-4956-8184-9ce0bae94cab,0.6572050824724686,TPMrnckxeLdy,0.9845523058933725,isUTxEndcobMufGjGptFBgVYTBBavY,282,2018-05-11
a8dfcaec-70b1-4579-be8d-d314ba0d5fc1,efc4c24c-fea8-4d11-af45-2caccbcb521e,0.2154852308640599,KCDjxWVUhBXX,0.42089886458765835,YYUTqILPahyPQLaLpxjNidszDcTvFW,469,2018-10-01
81b6a548-5809-4669-9328-43ea52c7d978,ce3e7f29-b44a-4aa7-bc59-4b478a926b83,0.4319503791940603,VBmkdlWZeljc,0.38770044129746195,RwMDyOjZfumYsPFPGcwYZnVrWrARZL,98,2018-11-21
45143301-65f4-4b4f-b915-53620a513a25,b05fd5b2-41c1-4103-b521-b61990604b2d,0.27957441638956404,XnJYYxFBrcoL,0.25201459769141654,vVidmdbAfkFhQYmgCzIfFUUTJmYfWJ,107,2019-09-16
a9b16f22-ea8e-4b05-9830-774df90d0aa6,166ac9e5-dc07-44b9-8573-1373b18249fe,0.35137605910431513,KVITjkSSDBKE,0.04960689549164554,pOInwfJNdZzKZUoCgmnDwmWuaCrdDE,465,2019-04-09
f0d8d031-9e5d-4911-8370-55222dd080ae,38d6b7f2-ef4f-4123-87b0-1f0cea1f743f,0.302740641221804,ZQcpMrNsIlzR,0.7284302594785528,XLJBEDQzJXPMqPLKFKxDvSisEdnHFS,181,2019-08-15
cf45e63d-1ae2-4a08-aaaa-6292debaedbd,e95fb15a-a774-4a96-958a-958d02255441,0.9173926707827055,CzNwAUgLROnD,0.6134927657942811,vrRIbNMAabuCpXMLjOAuzslggDbwZK,202,2019-02-22
3a3eaa8d-46db-4f57-85c9-3ba69cbc154b,01df7dfc-69d8-4801-870e-087f789865df,0.19549928024149643,ZdWtOzEYSCKX,0.530301941944324,CrBPEackslBbnQhgwvZFfqASgRHrxh,484,2018-04-08
380d1369-da41-4aaa-9a65-827ea8c09240,e896653d-4569-455f-bc21-a237e8bffda6,0.47958166473587815,qPHIFVsLjYdP,0.9999739960366728,CJUvTBkepiRIrLhEhOVeojkKWQqUJB,241,2018-12-15
07da8c51-c402-41c7-bb3c-bdd7c9e85c0d,4895f0fc-74cd-4d4d-96bf-9dad45a4a4a9,0.7352152938949629,fObcjtKvYHQA,0.5950801252906187,TzWwdePcJlYBpjYOTeweCgiMpgPsHs,105,2019-09-04
8ff063a9-53d1-4e27-85f8-22d51e601822,5d66a229-d146-40de-97e1-40b47ab6c7fe,0.4306008757668979,ZJmAiTQmuoBz,0.23690374895459532,WNsBQGLAWuqsQKBbbXPqUbSgUbEaGW,195,2019-08-13
3cecd1a0-13e5-4ef7-8644-9f631f0ff724,0c36d86b-99d3-41ed-b372-11bf3cd2ef54,0.8023132774373588,aMmANGxhLetD,0.9340886106701549,sdcbYfmfhEKYrMfqmnPXfFmLUXNyHh,70,2018-03-08
90bb9a43-0866-4761-802e-aea73620c97f,14771304-6194-4b56-b77d-902d230708c6,0.7902816882324016,VVHhMyqepWrt,0.09428067374130644,WYhrjrPnJZTbjNcRfqQwjzdgydzfPA,317,2018-01-03
11dc4dbb-5c1f-4263-8e7f-5345ca3d712e,07f60ce9-f31e-4273-85cc-418331c65a43,0.08147903902586451,UiquVdhlKGsE,0.7047770379521342,qoOVMCsOJfejirCMaqpAkvCBitRxCN,273,2018-07-15
de595528-b6be-4296-beef-c4636f4263f9,60edf47d-24bf-4fbd-9fe8-89ea07dcdd1a,0.27403921679167254,LBouGIqrzvmk,0.7585440032337403,jOaewKhJPqigRQcYnGWBbYQmXEdWjv,56,2019-07-30
b9480f20-9201-47e8-866b-19bfe3664d71,5a546b8d-f15d-4b63-86d7-72bd5f226b32,0.3692395895316567,IRLoCFgrDupR,0.5565124802970367,GURbvJczjrpJFPpsPPFUQELDrBrLSl,247,2018-12-01
616eecfa-2ac3-4f9e-afc7-47ab3d17e364,635e8c56-5962-4f49-b2a4-7acea5605891,0.02299424856777399,stwMPKpKPxTe,0.6218684965613627,XzgNuJSaSXEfgBWcJcIunSbcOLHXfr,248,2019-08-06
426c8dd6-5996-42c5-9e00-31ad95bf9789,b3497f38-9893-40ec-9e95-54b1dd4ce8bd,0.029941639490799754,TyMjmlBDEmrU,0.13425309829723342,jWsKLLvJksYPmGycJYrtFTfuruhlzp,35,2019-06-11
9cd03dcf-4de8-41a0-acc7-ab32dac64186,f88348c3-5301-4779-9dd6-ba532b89c846,0.2258813653030386,KgHhplMhNjXP,0.5252827507794628,OQxOpJKYvkLCbCzTTOlnbIHmYkWQzS,27,2019-09-03
ce26f9c2-f520-4fc1-888f-fe4abb15f37b,6d17b2d2-3e7f-4130-95c9-ad7b44e9e593,0.7712121788223716,tekmIRlYQxkm,0.7102714496966577,tJqriuQfAZLOkrvCTAhNmAKCmAQgDv,319,2018-11-06
37227209-58ad-4fd0-9e9e-30c0d9385399,76b650e6-64a2-4f87-a25a-f2f9ffaf7d3d,0.3444806384962471,enzURKpDkuKh,0.48066912228960823,atvnQHDYoEwbCpGxvyckVsKXXWxMbN,376,2019-02-11
5945f6d7-92a9-4afb-89a9-f30fad7cc4f5,8b066074-266d-459e-bdb9-017c1c456ca6,0.1766810396469397,XujxYJqfwTan,0.017496648047391705,dPrsEKRyEoBeZAHmTzJGPuOlQXWgvh,376,2019-07-28
7ffee6d2-5289-41d9-8141-cb33542fff50,607a9c86-e9ea-4d06-8b73-d0edc3a79b2b,0.7337869653490183,ITUSZzqPEKbO,0.4095268115805448,wuRIbwcYSUTsaNwtkjYhPjidRyiexW,482,2018-09-05
974921b6-2979-471f-bf50-9df7b9b54872,9e69efc9-f05a-4b85-b4fd-bfd358bb309a,0.8067783765183397,uamNlCUQPBcT,0.2248320928656692,LZCVFhaOQgWzqyqHAwNIFYPcnwpLEO,395,2018-10-12
b3530071-1635-4d2e-be24-6eb4cd117b78,06648c03-406b-4374-9d2b-dfb8f1fe2861,0.9699180144385107,DxBvYhGEyLCW,0.47581803850605187,LLWhTnCFJjphYoUyljoeQzhPeQDitK,240,2018-05-20
6b9bba3a-1fe6-4f0f-9c07-b275188db042,e945d84d-8407-482f-80be-f569f2bfdd51,0.8570666302620945,gzFqXnLqLKIp,0.5025220921197135,jKyysBqacFIPHXlnnHTUpCAdeVrtHw,199,2018-11-25
04f5a9ce-e0b8-4180-b220-8fc596c6db6f,5f2add08-88d9-4403-927c-07f73b456cd4,0.9061177332717361,tEhXLpqSDKXP,0.6309361764523418,MXyxDAgHVeDxYaXWmHoaVTyHpQZrBc,151,2019-06-05
680c6e9c-a95f-4d32-b20e-8cddce1607e8,41de397b-4528-4ba5-bbb3-573521ef0c53,0.8982292204164062,kYzpODIsuIPY,0.3536567496064448,ueENNiHksHrUSGCFlbuUmwZtiCaYGl,450,2018-10-09
3dd64f60-de3c-401d-84d6-66a6c0c74368,b96f0921-4f24-4172-b924-0deed9cba266,0.6027702102053956,lmQAWyuRsyFy,0.7278356325984089,MyWbMWmwqluDjFQSXNxuNknVhSZHnc,204,2019-05-01
2d9ed19f-1134-4927-8ccc-0317ca832601,0b996d0d-2ed8-4165-b263-cc946ebc0950,0.11538056407212394,bIdiXzMcmnTL,0.2187215223774901,olKBRsMHrMmiFlugDlSZyzeuDPgvLk,306,2019-01-12
acf28297-ec41-4ef1-95da-243c93f03d31,648bc6ac-27fb-437d-8677-06a25f46cb5c,0.5145048309914382,pIrgYBYJiZRd,0.7726511240351617,BHCVdIOFbMQwvamFbyrZuaUAhLvKGJ,390,2019-02-24
2a84c0c4-5581-43ea-aea5-f861c8557561,1c4c9881-5e50-41e9-b1ab-709525acb60b,0.3220195629276794,xbUXAVdgYyZG,0.7492191617525739,ocdvUBkCeIonkxVXOkrUwplCefdCrt,362,2019-10-09
d1398e4e-03a7-4f49-9471-7c60a52e58d1,4a29ee2e-44d5-4afd-ad83-4fea658663b9,0.04966267813044001,rIHxpiQXXivg,0.8794757758642996,ocefOgtXagzRLHcLJDIFMxafHWBwWs,321,2019-02-08
06b70378-9941-46fc-b364-bb3549fed3cf,ac721406-3626-4244-8993-5d1fde7a1a6f,0.3960194129756396,gwPogbMmPMOR,0.6012785088092725,IeAYiIODLbJKKFnHprFetvcEpQyqZt,48,2018-03-13
bbbc8ac5-43c1-404e-b0d7-98726292ecab,6fb9545e-bdb8-429d-b588-7486ed6c12e8,0.5154531641226248,HuRpmmhLkqrI,0.44900425961102386,wYFikQCxoZpOODmBGWIuhsnRorqiCa,315,2019-08-24
f5cb5e23-e61f-45fc-9568-ee3e55b69a6b,8c0058c1-8702-42d7-883a-371a02f6ccf3,0.9284819843947513,jqyPrtSHGcXC,0.7190180898912214,KXDFXTeuNnSVJBcRfUHcWpElHokLgI,262,2019-09-15
55d76c93-cb30-4ecd-af4e-3d96578e0515,aa8b421a-1618-4153-be09-f6b580943028,0.057950071304761264,YSVHnOowTwNu,0.5503224839380682,KDmXAuYSJtsgdPHYufFQKINmkawvue,157,2018-07-11
4019bf40-b4b3-4c1f-bf19-0887dfe72012,3d4efa3d-270c-49ed-aca4-439ba8458028,0.929289303602856,LuHWJLIaTOxS,0.773732596990073,RlwdVWHaFORxATlPbQdgpedaMHZcYl,44,2019-04-20
b55a2bc3-cb37-4ec2-ae13-2b08c4c1d880,4f6cb3ac-e295-46be-88ee-f60ac30a86a6,0.601184544419736,ZhZIbvIjrPPt,0.8016452140102496,zZLTbSzkJtobzVbGuDXMdxbuBMyfmm,339,2019-10-10
5bdf479b-08ea-4559-900b-7ef7344ae97a,fe615a1c-261b-4330-9519-41896af17278,0.9747912466740312,GILabIXMJqTa,0.4640675457405048,itDQXxfbAUrijgrrgpEsZBGprYcIiN,28,2019-04-09
945f10cc-e9f0-4925-ad71-5760a0fe6d80,c3dc23b3-72f2-4b48-a2f6-fb87a9daebce,0.7238678863869229,LeHeZTCzLBlZ,0.48776110671262063,ZjLlsPNIegSajYRAmsfDgQTKTPabjk,285,2019-11-14
0d9617ef-6288-43a1-bfdd-ca8f82c5a8b5,cf63529b-3c68-4d0e-8da9-aa2e6a805e6a,0.32761479848392816,hASedYtpluIb,0.42222026653934186,sFTepPcCqxOeWnGPDbuWqmshJFLzdg,155,2018-01-14
e1fa9576-1244-4d08-832d-1212f286d1cc,14923d33-f2af-4f43-8be0-0b6cabb8f188,0.9171348388680818,mQsIGdZjvbpi,0.07952927984656144,udfEKrINUVqKnMhvzCZRckbXXfeVsR,378,2018-05-28
f300d282-afcb-4c37-a070-ba0f9444d0e9,6650c2d8-e50c-49e2-aa97-055498045f2d,0.15567189277851368,iPllDQQcMVHx,0.3983659936821391,hUKEALOPTqShRlbWNXWiPQdPZoTHTv,388,2019-12-01
62d9c0d4-8529-4b29-b053-7d4b7a79d3cf,6aa1b9eb-fe50-4cc5-b76f-afd83c7738db,0.04561686410235788,txnyIcKugAiS,0.46589390598933866,CajzYMTkOyxLnUHdjlfFUAEfAoxdGD,30,2019-03-07
7bf9346d-4702-4103-9c26-c581dfc8c14a,d1b9006e-32da-4949-a6db-a6889e375557,0.08818961890431365,GIyBzTrfROzz,0.5380940897468165,SKNiIeMJQbhUtWqUyESTccEjrzIpGJ,476,2018-12-26
c23b8637-4e42-4eaf-b59c-898b143424c7,e6c44278-f8e7-40c1-9b0e-d59dbf27d3e9,0.330556304290614,ERdanyuIKBjQ,0.5737370314095431,qCvBSrrhFLmllOqcfdpRjbzOUTmqhv,247,2018-04-30
623e7cf4-620a-4556-b724-f317974de315,666ced1f-15d3-44d8-9020-b87714ccc503,0.38775896257951503,AegdHAcpqoVS,0.32356454007598345,TXiJxSLotcXpAChJfTcrLvjeDyFpco,415,2018-11-04
49cc9302-4f67-4c14-8dde-efc523755a49,45601926-8585-489a-9f1a-d56d77843ae4,0.8561545484891603,rBPKOSEJepJo,0.8063622451744448,mTcwEjyYFFpVlVOJfgzEBFuedephVy,237,2019-01-13
74e06b67-9da4-4d64-8723-0b847d7f180d,ab0d89d6-8b04-4ed5-88f6-2384d69d140c,0.5036698310542775,jeSOcnrYhMga,0.07172931732455157,OBeTRkMLweaWADoYlUhXMtJUwZIoEd,179,2018-08-11
321bdfdd-72a6-4cd6-aa41-9bba8af83d55,1c4a8821-f26b-411a-8f01-5f9e3fc685fa,0.3804727978342529,TjjWrTZGLzKS,0.8046253337133338,pbPPLBMZozrZVUKTZInAgwHxUXzxoh,327,2018-02-10
ef8ed49f-1553-487d-848b-2edba6d1dd9e,cdff9f73-d523-43b8-8a92-313693b9e76c,0.7208595845092427,mxzyRcxCXmcV,0.36149251130071813,FpdtnqDSvgvlmQjLxpSDjYEfQBZFJR,7,2018-11-21
414a8afc-2481-4e82-b85d-8f5e3142fd36,0b7d55ab-3cb0-4c45-ba94-c2746a129b92,0.2248468321525272,sQwFMPrEpnKP,0.1500134939312332,owUyQokvSeSBRbVVnrkScDgJpJQnqo,234,2018-01-29
b34d4704-314d-4a8a-a197-749bdfcd2bed,17d0c0e6-5eb7-4c4d-8d7f-ca3fe6248a93,0.6157189048925701,dWblzbNdcHyC,0.7638384135884528,OwDwjaLMAikgbgJlhPkJdleFNFNnVK,60,2018-12-02
2492139d-5109-4a68-8792-daa6d6f1c32c,0aff6e4a-77a0-47cb-a811-ca7012d2cb2d,0.20121094316443788,haiGAIZAJKlG,0.8958435127875367,puwbZaiGAxyNcnCntoGRnwWBaiAlMn,26,2018-09-24
fd3190e9-32c9-49ed-b7e2-2834f9484fd3,4415ec83-ab67-4fe5-950b-4e69325f89d9,0.13221847296405975,IorLJfDUjlNm,0.9497996247370508,IrzMJLKwAHhklKnKdGVoAArpMVfnlR,233,2019-02-15
bbf55a9a-1d74-4a3a-b767-9240832642bf,8e71f71c-a19e-41d8-96cf-6c92296a9aef,0.6933132647104907,TMdYZTyLNLrl,0.47103876516950616,cOYkWuiumPqGPrpFBtgdGNgyzbJfyE,249,2019-03-23
e44dadb5-a9f9-47fe-a220-eb76b28b7502,fe570389-e857-4b8a-a154-9477663392f5,0.9890794352226553,rDFTNakYYKlV,0.07493251849502414,eFBPUnlEiKuPdAagiWhuQgElpkdnOq,475,2018-08-05
4db8a23c-8819-4487-9ca3-7137ed20e7eb,4307365e-81e0-4fce-998b-83d7e4822080,0.34519056704429407,kPEmoJLPmkxf,0.05332206718541177,XfjWgWcKHtyotonbxswhwdVCJFLHNG,109,2019-10-19
7da193a7-6975-4e19-96d3-f4825d7223d9,3cfbc4fa-052a-4ef5-8f18-b19f7f9e99c5,0.9126461209483467,VdRRpiomxvOM,0.7418978392143264,wIqmVwsYJikXoYurKHkUZbPrKPnmiO,244,2018-03-20
5aa192e5-65d2-4021-8729-54c6f1772235,86adca93-8593-455e-8181-94e7e843759c,0.7822566859993961,rfFynZPAtMqQ,0.02956948484524846,zYkcayNTGViFpeNhwcBktxnQWNDkKC,342,2019-05-05
8a56acb7-a8ee-4827-b2a4-b480c5bae6a9,809c613e-c3b8-48c4-9320-d81c75fcc657,0.08693499866535681,QwgHahMsnfal,0.07927119443655672,DWmDKcOwapdzSpHxcEEkXcDnDvvRFe,302,2018-01-13
1aafba95-cb1e-4b31-a7b0-0bc89108cdd6,c647ffb9-3bfd-49bb-b725-95153cbea0e0,0.824844022754148,jlMUtxWXNCid,0.19095482685616927,TCEaaoHpoyBmPHVBTvmwfYcuBzRuFv,413,2019-10-28
0efaaf31-4a0c-40cc-9814-d4e49fc4140d,79fa22b0-7420-4252-af1f-8c71eca38b2a,0.44017647729480636,ZOlSbtZvmOVk,0.05417984997056635,baCRFzvQzHqmQGZwvwRJZVFSKQToqu,281,2018-10-30
0d8da4da-cfc6-462a-a745-239218b65016,9c266c03-adf3-4724-a0c4-99ee91b42b07,0.46076267341598587,yEklWxUqlHUM,0.7813222406730048,CRAWZlKhhDeGdOeZVRKVNwUFlXIqTq,125,2019-05-24
579256d0-c95d-4620-aed1-e62de1f04028,bc17847d-003d-437b-b0f4-18542c0011e5,0.997170187110214,TqUykBYOYRgB,0.2507715807749581,oxIPBVsyVbGgryfxZmkDIGKZbbiIcY,46,2018-08-06
6f3d2b83-26f5-48ba-bf00-5d7234c870b8,5eaf8f7c-1e18-42b5-b80d-c88a4b71856a,0.04682102050680881,hYEKYWuGWnqY,0.7158902417533808,rYgAyfgcTgyLNXbUtndFCLZOtUfapf,457,2019-03-13
f4672c8f-146a-4479-8732-102657f02836,8cc396ca-be1d-4221-a4c5-793534cbcd56,0.8708423470942386,FEIvfimRTEtv,0.7319392686079608,gcGyYgUVmrXoUxjIjbLaazuRLgqqHf,323,2018-12-17
4bfdad78-2a73-4a73-9cb4-6aa1e0aa96e3,63689d69-f505-4fe4-b4cc-da048e8cb23e,0.4024147030769497,GVKTLaMlMynT,0.26472928962647857,GVNQKLWbxoInTUjGNeJcTbucRRsibs,296,2019-07-20
2e0db4a8-16fa-4fbc-b6df-912c83a95f09,a73081cb-3ff0-44bc-b149-c1bff58a91e9,0.12015388706787633,ireIYGLVwRDe,0.40818383012089576,rbHaGgFBipKXLcLzTsaViknRdiEaKh,70,2019-10-25
c27c4de9-aa82-4c47-b6e3-12ab9afd8a4f,6d2be535-15aa-48cb-ab8a-eaeffb66e18e,0.4122420974577601,TqZshDVcoNJh,0.5383129993621903,lQkUOTbVLJbHtsguLqZNWiqDJPZiFM,395,2018-08-02
95f7111f-47b6-4bab-8907-46947b3910a2,42e60bfa-725b-44ca-89f9-b37cc25dcf9c,0.857390856993719,usYYvwjnfNCh,0.43421926393790766,vlVsAFQLPiaNgBDKJpesQZgrDxwoNh,418,2018-06-03
3f947ca3-52c1-476f-9393-fdda83f402b6,eadc5450-f9c3-4b74-b982-e5f522fd067a,0.2792496462934715,vFANNRPYFzdE,0.5356082418060426,jnEGpHwCxoAfJpCuHJpkYezDmJbNcE,446,2019-03-02
67208ac4-e660-4920-8ed4-d28a9dc11c86,265fdac4-1641-4462-a9a1-82cb37d4a7f0,0.7971713985058537,OVutVbSYKBEX,0.6177352342064238,bUbtqsSMRhYjmTcEKzfFOmHGUwSybY,460,2018-03-05
64982377-e70e-4f1e-a9d6-7719e6a95335,94459191-5d80-418a-ae01-78cd89e5a78b,0.6870254173920392,YQPJrvHUXrui,0.685823185051118,SPhaJGINChdefujVWBXhKvVkMwBEfd,184,2019-06-18
3b067030-dddd-47a8-b7c7-fe29aa5329bc,f84362b5-1a73-4254-9d76-618ff7fb76f0,0.43867833394687417,UZOBmrIhMgce,0.5932399148318169,FbNsLPLaOboOpsYJNKoQFJnjEFnxlJ,190,2018-01-22
1e814c1a-b4ea-4f29-a270-eaaef23d520a,fbb40cbd-22bd-4899-a13b-d066a27adb6b,0.9615556146885117,KlTcvxuPVBPz,0.7103941117826422,crjFlhBsDPJbfZZTDBeshdHdZiAjsK,179,2019-10-30
776e16bc-d9f2-4237-93fb-c4d3f40083ee,e0ce3ab6-0e12-4146-9237-7d163fe67ad0,0.5317773380616572,AfASoowRnWjy,0.7349185069816063,fCBrkymikbIvZLOtCPcKxXUjxcMLFX,380,2019-07-05
8b325eec-ae40-4e09-9859-511ede349863,55c9a05c-b7e4-4926-9041-26390b229c7a,0.46221117287120217,rnKXdefMAIbg,0.06393305714329556,pCSUtzpWSiMRIWiPqCeyJJLXhnwruk,300,2019-04-16
61078800-2fae-48d9-9f35-1039aad1afed,c58acc62-a9a2-4d61-9182-760cd890df33,0.833472773618643,MqQnXbjEUBSF,0.8130470724276011,XturjWHbEhwnMXUkkkBtOMBGxbBEwj,33,2018-05-31
a22c1025-6950-408d-a274-36b962c2766e,ac42b9c0-ae8f-4fca-8c57-71ca51d3eb3d,0.37270186558534324,ZayNNVmgPPdP,0.7618475993903634,mvcCNERUGJBjzGNQXHekvMgPDxuUat,286,2019-06-09
4cc87abb-917e-4000-8cd1-fa411e47200f,8ad4ee1c-feaa-4ead-93b5-45ca374cbb25,0.6358427594870538,cPCwSABGCzUH,0.38936620187057835,DAoDHqJdYrlnnOlwZRBYForcDSSdKo,93,2018-07-22
f13df28f-655c-4232-b5c0-570db6739a76,a38dd8f3-3231-482b-b793-3f0f060b1384,0.9424170110483291,azyTrfwFFJrM,0.42736181010139707,KYloYLznaHswOUyDEySZlwCWzlilUs,33,2018-03-11
569d1142-f89b-4375-b60f-4db2a1724aed,ccc38020-cbe4-44e4-afb5-1dd22607dc51,0.5801680005776695,jCfHMPTfdNof,0.35124802828033674,qrNEHheLDUxmdeyFVZfdXZNWeANzpw,219,2018-08-28
8fbadb39-6b61-4cce-a080-da63c30b22a5,a333430d-a32a-4ebf-81b6-1968e149814f,0.3575531158044787,nofnZWiqiNjJ,0.7927958474263886,tuGgwcWQKFVuKcxLXjWsjyLmjStxYN,319,2019-06-27
8cb03827-8423-4196-9a0c-e59eacfa8d94,208dc7d8-7d50-4794-a460-0c726ed8314b,0.2603410713690323,HVuvuVbCDQoF,0.2827822886874537,OhUSgFUNYejWwblZULpvUVVDBFQrJB,127,2019-02-14
1a780291-1284-4474-a170-5fb5056009d2,6160cd76-849e-443d-a19c-0d54f5b40fb1,0.8088197017953163,BBSupkIjspsr,0.1335626102068782,DuISCDnNgaBFtbtmTApbLiWkYfHRXN,354,2019-12-24
03222a37-e533-4961-a85f-a568b72f21e3,b7ccf272-6027-4b24-83be-c22df6d588b7,0.1535970301830034,PwekCEJAmNZW,0.9004850159268334,ZDDGtcxwDohMzTDzssqwIRepXyuVdv,102,2019-03-10
4b1df863-e8ed-41a4-8704-782cecb1f45f,0411fdbc-4e69-4e83-b7e0-1b7d6542d77f,0.6465629885726315,zobhvuMoaijp,0.4560725508368747,TblwXbimRXTZrIthIcTbfoWYTxSmQW,117,2019-02-13
833557fb-27cf-4050-bb7f-8ef635d4935c,3259cfd4-0dd9-433c-b129-1f3b5af5e8ca,0.6022963451133173,qHZREvuQPhTC,0.7816270357498865,kIwERwNWvkBlimJbMZZMAFxkhTAwCZ,141,2019-11-26
e33311b9-251f-4f39-b706-5600be00fbc1,586724c8-b35f-491b-bf5f-ecf7f47677b0,0.46411877811930047,FfbqxbdLTglZ,0.5984499509111608,dzNcCAwBpQinEHPNvvOYotriGBuYxF,178,2019-08-01
0c24606c-86a3-4a00-a433-504477434723,601092ef-02a3-4d88-8964-cd68d8f3732d,0.5824502813143959,hrVGgLQPawQM,0.9755596949871616,HevfIWUeSQoLXHUADQccKCKnicThyx,452,2019-10-17
bd3108ae-50e1-4613-9bef-6bfc89c25c23,94bd70dd-adb6-4c2a-91bd-4362a40a99f2,0.4699596478930397,OUILRtiTpFNt,0.1996296571073426,VDwDbnGEropwpSqRKbzwKpONXewDMU,208,2018-02-26
6f47f890-6e0b-44cc-9cc1-a353d4e08e4a,65b31ce4-2adb-4231-877b-df9299e7e433,0.8791685710767988,xjLYSWbJwGhY,0.6749255624906019,OnyIekFVNQNtHlJMSCVNqEFMEWUMsn,433,2019-11-11
667248d6-aceb-46c2-a65e-c87e66f7f664,913ffcea-f49f-4cb0-bce1-0a9746f7076b,0.4427877888592676,VoHHmYlDmSfs,0.35192449263053105,gwlnZoKwzlSnNnNoZBufzZRZCEdsoS,156,2018-02-01
dc75b37d-4320-41d9-b1ff-6f4fd71918df,cdf34b59-4380-4c7b-a261-f50bf66be0ee,0.7032249612639561,vBfxHaxBnpxS,0.14323520060921702,DBzrCgQzReAcDzyfFYeQSkSJtmGPGs,150,2018-10-15
9f25c8ff-a890-4f61-8bd0-d99cd026bcc5,275e5df7-c36f-437a-9791-c534054d5b1d,0.5705552646227798,xzUJGHaUCPpk,0.11364410037703854,QurxkrWGBvvxjWlxXJJtpdxKOBIQmp,21,2019-09-03
1e8654ec-4f49-4a01-ae59-3b968e7c7101,2439d0ef-dc5e-4587-9f02-448eee26aea6,0.4315324657072017,OajCJoxMxbqu,0.48921358169544105,CaUadRwdehRURkcspUSiSCCoLmovEc,107,2018-07-18
6f765e00-391a-4f96-b9fe-f514e7563536,33733ec5-284a-418f-b71e-d6fcc0a2f193,0.8798438512000338,hZQHFEXeVEJB,0.8698202975342236,fvpxyIrWbGlozWViVaLwOHdfxuSCIr,404,2019-03-05
719bce05-a9a9-404e-b3e6-fa6c007f0259,88f627b1-e8ef-4314-8f34-fdbd7f2b2d91,0.4729281610526944,ZoZILXPBZjQK,0.24444851604374418,DLgwdkJNDIzqCRASafxdjYZYWeVDxB,468,2019-06-23
6bb41a51-80df-41cb-a59f-a75a8d3eada4,ecb76acf-19c7-4cc3-83de-0f645165e172,0.972344603003407,JTcLzlszYdns,0.19071310471609415,MNIHqafDvcekmOrbzzuFPLTiwndaki,368,2019-02-19
98c39728-2696-4caf-a394-6d67002a805f,5d60c854-b754-49f0-adde-15e0e8fa1d37,0.7015658120593357,yTqlggdDgmaK,0.6573307462120169,pPBEqSMDaTogppGbOEXoKJqQnausxp,257,2019-07-22
51a52b0e-d73a-4c26-b556-f36c556cd9a9,2be18cf9-c797-4186-9f6f-885f07fda6c3,0.8290529762301675,dfBmZbQfSELD,0.0890925971644696,tvEGMsCrHVqKhAirWILHDGaoZnURrC,151,2019-11-17
eaab6a17-9ffe-40f1-a7b0-b174b7ca6698,bdfa31fd-bc59-477e-8b68-16179b8a41e4,0.10496280936014235,vcCRXxIYfMAV,0.8286007395033872,PvtzTdanbLMjaZlzebaBPwkVVDIkMd,193,2019-11-23
5a192387-8b6b-4850-bbcc-21fb48022f71,173b7aaf-d553-474b-a26c-36aa18d74b3d,0.663850995268963,mnGuzYPrlLVn,0.37918224765314223,lUKHDVZGaWJeiHnFQBCmDpIDOkgcbk,204,2019-11-06
aedba0b6-4a36-43e9-911e-4d4dc0a7fb9d,9cc3997a-57aa-459a-bfdf-04fac53b2c9f,0.8804091971717367,aGgVQFVYiKvZ,0.6174084002847114,xWMEJwSuEhwLHVBjSbiIsgpWeUxRJq,172,2019-08-08
b135f6f3-d172-443e-aa23-0eb592fe6311,f08ccaab-5ed4-45f9-b808-0cfde5794da7,0.9722475093511436,DibKPOwJatzU,0.4176880634291924,krWMMqtWBohdiepfVsGqBjNeiicIHy,306,2019-09-03
6a724353-f6e8-475a-9786-69b29216663b,77aec3d7-ee59-47d6-be75-e0f8201e41d6,0.37804692828489916,gmRBrxFXoTsT,0.39684174535276007,jrLfOSdehQiYkYjhCWKmxsALVuRffZ,246,2018-12-21
a096e6ec-50c0-4364-a196-20743c826c3a,ab8b71f3-1444-417b-bc64-ce4a29925b8c,0.6598628756955881,RsDfLRZTmFoq,0.7572344903481698,WIXMygUXiGYvAdfBhLxQUAQBAAIrri,498,2019-12-27
dc27423a-1cf3-4cea-b322-896235ecf631,5281b2cc-92c0-45df-a75e-ec3d29348466,0.7149864219416435,mAbSZCBdMTPW,0.5817237451207129,qvxlnJqsCFISBFXepLoHerpxiJAtkJ,435,2018-01-26
f601c95c-7a70-44ca-8566-d9b790e6ac30,425adf60-8995-4276-a4ff-92f20a9b3306,0.49736485763694216,fuOKvXGpzhUr,0.7757168050273616,nULLzMepdYqssXMnjuvjpQgGEdBfTi,91,2019-08-22
0fcc72af-bd12-450d-8989-dc1ba1d35576,1a772831-a46f-4ef3-9536-9d1824ae06a9,0.3152983851729505,YCuIeVMhLTbx,0.902906357671314,lSBmxALqZIpCAjceCKnXpXQaVJVzCO,170,2018-07-21
d28a771a-8a27-41c0-bf4d-3367d0fc7886,68b9fc38-daed-42c3-bd5d-c0e80cd3cd6a,0.7553381778126022,qsJZcMHZJFoQ,0.37219040322081587,EYqqEHlqNckpYryESpdFmbBzswSGvC,323,2019-10-12
23caaa43-1940-4569-bb23-a6fe70a6cba8,56ba44ee-ea80-40b7-8935-879c19ebea9f,0.6191836786020463,uFDnRFTJxFkA,0.15418555324878902,UtkoHEWexJYtLJPVnKOyeYDoZfgywi,252,2018-11-19
edaf12b4-4b1f-4945-a5de-513d6cfb5554,591d01d8-1117-42fa-b19f-3ad0ef891a35,0.3545847395218339,qxDfgPAEJQFZ,0.07458068678322116,cJOrIKRMOGTSGwfczluvSHYSKgyQij,353,2018-09-21
9f2b90dd-0f24-49e8-a6e5-6d1d0015533a,f82aadfa-94e9-46f6-8cd1-addf2a360f8d,0.9721673206911137,tLeVnMByIJxF,0.7427315089720751,zWIlflvDSVLisoKzFBIZJAqgigVJjj,76,2018-11-18
75cf1d6c-ef5e-4456-9356-eb911acc0bd7,329cc06b-fdcf-4f8e-b5a7-1addc95ce043,0.2427882821004158,nMjagGVQEEiU,0.5794147688610526,eNQrjRwOBqJCurToSPZGfNgoWUAXaV,184,2018-07-11
ca7cb0fb-a677-47de-8d2d-32a04237a029,88f8ba31-c466-4e46-9bff-d79e910e5d38,0.9564744259023428,DpkbXjHQCxzJ,0.45811052751395376,VoIZMGGPSHxgbdZLvTgHgbmIqICrkq,239,2018-08-30
b9b5ac09-0e2b-4a0c-bd5c-1441acb447d0,1643517e-ddab-4c38-8838-7ee61b0dfeb9,0.7328180978601221,HReLMjqfXspy,0.1601487224294854,BLzjDvnCrDNhfVNfkiiQyXlLqDToqO,461,2018-06-25
8fbeb46a-abe5-42ca-9fc3-cb1f9634d4d4,6fcc729e-7768-4367-99d3-63909c36c710,0.6604492663358953,wANMBlzkAgsu,0.05664032982009193,khLWvdgAXhLZWowaoIlxyWqUlWHrKk,21,2019-08-01
3b93bb40-94d3-4bb1-be2e-e3d2d1c961ac,2855adf2-fad6-4f6c-b0f4-b3744804b8f9,0.31891518168153166,ZFZCMCPlsPvG,0.5641512292629213,dGBaGCPavIrIJFYTvbUSCPXkAiotwU,384,2019-02-21
b5e4cb5c-5802-4e31-85cc-1f1d29c167a7,4f350248-2c87-45ec-8b6f-69476e0daf97,0.8318659680033037,jTkcYwETJCCn,0.5155099092305208,YNOqKVTZkgDrsdHpOFwOmikgSTXjVO,398,2019-02-20
8afa781a-4dde-4f7d-af62-2301754ee36a,54148a16-16df-400f-9cf9-2f52c44d21ab,0.24182202385987572,hcUrTBKFaXDx,0.24235886599219647,pcbeDgYMQOdySmXZUZWnQQfrnyoOyi,258,2018-08-05
b83b923e-0f8c-47ce-950f-cbd02b44f102,557cf44e-6480-4bb5-b99d-21f246260d76,0.7319807343353016,sJUQvzaPWTmX,0.7746777980561989,EbpdwPHBrcyhGDYbPFImyovSnqdKIz,428,2018-06-02
93924ad8-bf69-4737-99cd-d0c7805ae6e2,52aa3df4-405c-47dd-b6c0-c6b3a4618b8b,0.050291822182681245,LHQnxfBLvGFp,0.9363164151403716,kKfZVUVTdAphFyFCqOAMAJyfsLsXIX,441,2018-03-27
204f1cc8-216b-4032-9efa-7e3a6a1ae9bb,f84c0cac-0af0-4be0-82a5-9223556633d9,0.4908939128372811,FEAXWQwyfpcM,0.37659842529865095,KgRxZJtvbDtPxwJEVPIjJEOrEUfQee,285,2019-01-03
39c1cda7-8a10-48de-8e6c-b7ad4457473b,fe07f762-e5bc-4aee-93bb-b1c6baec5e88,0.6397834997063989,bWLqDdDbSUPP,0.015716869046643933,xhZYhLUeUSvwOpRqrrZlKaBfqULtxe,116,2018-08-22
b813d9e5-3c5d-47e0-a284-adbc88b18fdb,a7959cf5-dd25-4579-99fe-43ed9353f07b,0.7009757166819853,aEnVWmoGBszt,0.56455852198358,fibdzReJMcQsmtVQeKEnXhTsFhLSiL,199,2019-09-13
b1f3b74f-e700-4b11-ab29-6a6ebf852d8e,429e3acc-1e25-42e7-a4bd-188510dfcbd4,0.40639175895068014,uPgiptRctcxG,0.8703823558378423,MjUHnUKlggWXmrgwMyFqxgWETbNspN,67,2018-05-12
19cf243f-e053-47bb-b531-dca6661c9fc5,dc81ed30-7228-4f57-8a5f-6ede438aa990,0.7908540698671246,YZGedbxbYrcL,0.38565090790590506,uWtasdVvSVURkwThqJBynjyGrGkekG,100,2019-03-07
dca13489-4ca4-42aa-8549-41bb0322b285,6332f34a-694f-4383-bdf3-b4a672bcfad6,0.5967537300230574,IZxpDbdwogkV,0.954989801645168,AvuFANrfYeLxRuOyDambyVDoQVYbiV,303,2018-02-20
40ef763f-8915-4ab0-954e-5905e0525d27,2c4d27b1-33d2-44bb-902b-9c733a2aed33,0.24044251718843024,ZShOQNUQjvvG,0.5163504431261126,VToIqpoiDvCJhHJeLlPbGkAqefVKpY,22,2018-04-05
28040a43-f862-4e12-8d83-dce02f0410c7,f8189699-f371-49ea-b6be-0470b342917e,0.7177307072613645,XousXanlXHjN,0.018597925350518407,HCkqPNqhggVoQFsACpzOwHXTfVgfqF,288,2019-07-25
87bf31b7-148f-4bab-8311-5aaf086032c4,9fe0cf95-b1cf-4492-9482-bf077fe35efa,0.7001414820258178,RJpUFUTiDqmU,0.1976377082719284,yvfWEFAEzVbdOGLRPHfwRfkyiVBRcs,24,2019-10-30
d89107e2-4f0d-4521-b2e7-fe6c2d477c29,069cd95a-cbd6-49d9-9475-4869cbe723c2,0.7460949392513482,uWxTvjIWdLHF,0.1453187239616971,yHKtUeIYBaooeNPYMcKLbygLjocFuI,318,2019-11-24
44442122-9cee-4e97-98b4-e70e56831a49,535c14df-9c0c-4045-8e8f-7548f8852861,0.6169518146586763,YtiWnvHAwAzv,0.6879735059710075,KUMYxeqpKvddGtaGqrcjGpBvxzSnHS,160,2018-10-03
7f7bcb60-a10e-47d6-8611-671a9d3b8816,ee762e62-05ff-4345-9372-e1cc18857229,0.25763285752176623,BqzUnWbSdllh,0.5239367796038685,hPyxItKnOAGNgbYLMGkiAdFEwsORLT,391,2019-09-04
b4f4f827-d36f-44dd-bcd0-8e54b90ebac8,21623e83-e349-41f5-a30d-de6f9b8e0ce3,0.8257048822091273,LEJxspdXmVBZ,0.978078067053494,NyPnwyimwZLJvnbCtjCKapZKVdwoWy,225,2019-12-19
5184a294-d78d-4c17-840e-7695f224cc36,ecd70135-3ba9-415e-9cd8-0b3073ea51e0,0.9078834194621453,bknMVpTfiFaE,0.4840497036844169,kFBnanhDAYSSwpHslqbjVeiqzIfcVM,173,2019-03-28
fb0685a1-3866-4692-bdf7-980c919e9983,1103ab40-b062-4919-a239-98cc231ff5cd,0.9369054753571758,BEXufMXsscoH,0.373017509729478,hNtuqwykzfoDdmQbDOMoHtkGfZBwZj,14,2018-04-16
95742725-f783-4474-8aa9-757693575cff,0243404e-9c0b-4225-b234-3e1d5fd61652,0.7660992067186588,wyEWEJsWDLkg,0.1704846010906641,lYiXccLhYeAOCuvOKfGokjBFJWLEhp,93,2018-03-02
7e7b2f37-1828-48ba-84a1-83fd64c42f62,dda1426b-2b09-4c1d-87e5-bc17c99116fe,0.48537832748339227,zyVyxoxFEpIK,0.46643235964942753,sZdiQoIbHrcuUpjjospLTZxVyymHvQ,438,2018-03-08
20f1f99a-bf68-4385-97b5-464d166d63c4,c5921c00-6e47-45a4-8ba7-1a5ca8a4ae28,0.7673236021164389,BrltLfDTjKdm,0.5426934928739875,gXKARJorUXePwywFkolFnLseDqMGva,100,2018-03-08
1b595379-9186-45ad-86fe-26f705cdac9c,450dc7a4-c47b-482f-abf4-a539db5fb39c,0.5922797413917557,CxOUNxwrYtfB,0.3193849754381811,VguxgPLIWtyXoRaShTIgmHKKUNNYuF,215,2019-07-11
1fcd3d08-172e-4a1d-a42b-cb5fe0724afb,bc41e18e-da7c-4530-ba81-6bafbe4e6fe0,0.7631903957416387,xomDSJIygZbO,0.02765843039668392,SWjcEdSCoiiKiFCRLFekbifsqEMNkS,122,2018-05-20
5d449743-3a2d-48f0-b115-4f1f715bdcf3,4fcff3fe-42be-4902-82d1-42229a095185,0.9360008253967338,SdgHeXlDUivc,0.8784176031341647,OeVnIddYFjuFkzzheOzyuMxMgfkxoF,182,2018-08-08
18db9738-b046-4788-8f49-bcbe3a06021b,75012cfe-8a84-4cd0-a14d-f9682550dad5,0.10238361609957414,YUMWjJSPflYU,0.004438525657204706,WweBpQoKersnUlJlLWXvSppdAfupTr,219,2018-07-24
a289debf-6923-4267-88cf-c101945aef8c,4abdd3be-4d0b-411a-b5f2-5979265dfb7e,0.15489318944898145,jeuChKyQFqgt,0.49547064221633785,AGJoibsAxoFUdsrwaKSlFJITcTbFNy,357,2018-10-21
03f045b7-08f1-459e-82bd-fd9a6b24d5d9,cd7922e3-02d1-48a2-9939-dbd07a48e34a,0.03447371072195049,UgLNJRwSzAAT,0.9124742649965435,IFerxtCjOUHEQwaYbKrnUgjTjLhocN,391,2018-06-11
8be40fc5-4a21-4a82-9b52-7a9ff69216d5,367113b5-a955-4bc7-a322-69f8bcc39edb,0.3476799635294112,TGTrXOIrCEOD,0.5304734469131343,FYlwxbTRMZQIzQrRUAqBRJsDIJQIim,322,2019-08-25
6fab777b-261d-4ac2-aa81-246a93285132,aaa7553d-0281-4b11-ad62-b781c20cd217,0.9669543976608033,VnNeunjdUjzd,0.08893844138863405,OMjURbbSaKfpywmQzObdiWrtOutLfv,35,2018-05-19
d5710541-3124-4de9-a108-4088a96eb81d,c6658d1b-2eec-4dbf-8b07-cf6972a5a224,0.4579203894562862,eOAYuMhNQcdt,0.638507500595212,lKCHTEhRiJJENsFYtBGreiJNhmYyFO,42,2018-02-24
ebc62b82-7936-4a9b-a603-adaaae29260e,c6a08f82-2fde-4a2f-921d-7c5d28541a15,0.29070206320200354,ljjSiqRqFhyc,0.29886854365724513,dmPwDrVydSaUEBPSOJvUEmIqjgqmJt,377,2018-05-26
8856f15a-e411-4283-b731-32717b559d22,0918905d-93c1-4591-a810-d12f2626f215,0.8204708262626544,YLszGzOtEtbV,0.5865831222592093,SsxtRDFepmqYoiLgPWygvpTrUEqref,344,2018-02-07
83e1315f-4f17-4c48-a0da-6bdd59a61146,d98a5668-5889-4112-9bf1-c72388bcc371,0.41766379349837013,DCnmiBhCbzfv,0.8576111843685136,WrPbkYiHJubKnvNLxPqdlHjeIelaef,409,2018-12-13
813edd4f-c835-41f5-9cea-f832f4a1828a,a638cd68-7ddb-444e-9478-75b0d0c46512,0.9366284582758048,DOglWHFeZtWL,0.6295861308125906,wLkqxDskTfFEdqNixDWkCUjumxArUx,313,2019-03-10
deb32224-b8fc-4faa-ae68-407e28f46e41,312ecb27-a307-47a8-a166-cec587e4af7d,0.9498595501221476,EPbQMOHwHqCK,0.5359303064591867,zZlBMrsrlxiwkyZKjJgPEdFIeGTSAy,259,2018-03-13
22aff42e-3ea4-42e1-b394-a1d6b9f305b4,ef98f4ec-5813-4144-b7e8-949db20a8bc5,0.03633623464799518,KpUjwPIfrKtt,0.9607900062190342,AJIsWlzmOnYrQlyfxQBeCUpfHbGsee,63,2018-07-15
bc21b37d-9523-4209-8eb3-95b563dbf153,281cd191-76f9-45a8-9c91-47022cdf98b5,0.6348135166261505,XzflLEjkMTAS,0.5736451232065002,GHMkQUUCthbRMZqGtxlVhLeeXqHucG,332,2019-06-01
de58491b-6f83-4bee-820c-d39146631469,9fe507e2-8144-4fa1-9f5e-2a2bb4df117b,0.5279249869254875,GxqPCSzhphxm,0.49824811871707186,kodnifGFGbQXlNImMLvNYYnzgHzXNb,257,2019-04-17
d68f4f12-73f3-4c97-ba7a-630e73d59839,1dab3ecf-f16f-4c9e-8c54-fbdf35bd042c,0.412681410836652,LzxTXeApbPHx,0.39738167023012705,FzNtmQWgqcqzQeRXDnJNXvIZBZbJVa,122,2019-08-29
f271d940-ab9c-4941-9249-565163413459,41fcaff6-e933-4b5e-a8aa-48156e26e390,0.22407302354638015,JLsWWVpgBvRU,0.13157798556879252,fBsFWxXbNJPTYEaeAmWKooFqNdBeuG,398,2018-07-10
b6d1e16d-5878-40ed-9850-f610d727be59,173df433-6041-4edc-ac1f-9892631875b3,0.7753334960000671,nlASveOKiHur,0.8084461018919682,ANdVepfpbVLWnccFcDkgOZVkAaAcNC,86,2019-10-16
1813e34f-6dec-4cc9-8ee5-d1deb36c5ec4,3d535b0c-fc1b-44d5-82b2-b8e593389041,0.9958232947281678,pCLrPNzvFVSC,0.14104416497401095,MshdLyIfSVyOYIWSDlDgBkadiDUdKK,66,2019-06-24
80df65b2-2856-4c95-8594-ac70f0bfc517,8c4d7110-7c0b-4741-8018-9147b0553513,0.07447998639693454,SRFPuROQBZpC,0.684725551376451,BlwIXVfzfaJrgeYFQuPFZgwqMkZhpl,315,2018-02-04
de20064d-f973-4011-8ff3-3406d74ab529,62ca7cce-89f2-4e6f-a90c-21976170c891,0.7350486120751706,cDYIEqNecTCp,0.10808430944804148,YicSxRzFWmwcbEHodmXTznaCIUrogs,184,2018-11-01
28e5f4a0-5494-42aa-b2e4-5d67abe07bba,db259085-219a-402f-b1d2-0043c4b5f89d,0.9608873387709017,bxPLzFVFZATv,0.15482569056372897,qZoObcrHmMYcVCWCRljUyECpvHXDYo,280,2019-07-15
3b8a0c8e-c4a9-4290-b824-5db9a62dc80a,065cf76b-60a3-4f78-abf3-f7c3669311c6,0.16207282719276728,FzyrDdDQBKGk,0.8841512220739441,pCLeGoDEuIxtFVjTKFZrGnegCWUiuI,479,2018-05-20
db7aa231-e257-4813-9e9a-7eba71219aa0,85c7aa51-8ae5-49be-9201-c704ae46c568,0.1639430481064219,wULxIrDCeGfg,0.7174434854976902,RaeJddTcrMWNnvKXaKScSeeSVmzFzU,427,2019-12-02
2697b677-6537-4631-b096-1a971660700e,f018416a-9d7c-471b-b9c8-70a561e073bf,0.23858995172429676,iWKLMJwERMyE,0.43876509774557104,TDohHgphEddwMizRcVmuTSMOGjiocH,264,2018-12-06
246906f7-3ac8-49ba-a3a7-a236580136a6,8b559b8a-abb5-4fbc-b8db-6f7f6a20e16b,0.5650930828656672,VPrgYaRSdGvb,0.8097521227653023,fPWqmmxbRhZdMFTTciOxLRmNNLOLWq,1,2018-01-05
159d873a-7aa5-453c-b93b-4a569ce92118,ebbb711b-4a06-4c5a-a0ea-b26c97a8547c,0.9323714664482203,ToqHKovbdnsq,0.5563248201628157,CIKbQJZDLKQdWfKNDYfNOnfMQATbsJ,151,2018-03-20
bc67de61-2d44-4c1b-984a-18833559f512,3a9bf7f5-0397-4e8d-8364-299d3bb5d48d,0.3019165358564355,DgEFZofHIIIk,0.6029901529795163,SfDcHJsNMwsPapRjgPutBjPuBZqkwg,478,2018-07-15
f911a6cf-60ab-4426-89b3-ca1515b86f44,3cbc58ce-014d-417b-822a-a9f700ea274b,0.5407132657269399,bMasQtccpuMg,0.5142701106546016,cJadEKAcHtRdfNozEfpqAazWAJqbLl,391,2019-10-11
c7a524ea-737a-4a8f-9e06-8acb56e65458,c2d136b9-0e78-4404-bac6-2b70b9689f35,0.3768532018795536,ZtQxOibvHcpC,0.5704298894378477,ejqPCGiVnByXmPYEPshjWuLevuEplR,91,2019-07-15
4bd9288d-74c3-43e8-bcf1-d719a4cf7fc6,28910c2e-1340-41b5-86e7-c6be47e47f46,0.13939924788049485,PpUvtMwdTQJc,0.262426181274828,YcfbhQYzkKgwkGzZTIyDZbgMmySmDJ,406,2018-02-12
a6135e04-2106-4ab6-91d2-ac1ef6c3f86c,0817cbf6-6485-435c-b1a2-c7dd7018236c,0.9295272501188895,uynrYOdmNpaa,0.3824112350701848,TCVTBNdEXoSUxgYGGXLpINAJJybVgX,164,2018-05-19
06c28df0-7b76-4994-977b-685c489b585c,3482180a-ab07-4759-b5c2-4ba0514dd520,0.20474495721807562,ziBcVeKeQBOQ,0.17765481587971643,fVStbIxUWYMsqZcKeBWsRSmNrNbpTA,444,2018-02-14
c3ccfa53-0eab-4f27-8c8d-912d5e3a792c,74bde59b-9847-4fba-a3b2-1ab58ce40850,0.29518883852510136,BtzWhvfNRCYz,0.8075968737690034,CxsWqQIyRSNFbGEbOgSYrBpfMXkplG,389,2019-09-06
af25e2f9-c454-46ef-905f-96c82343b3bb,aeb7ca3b-2d54-4855-be11-31609e0c6119,0.3606978320157028,GJAFUVXKUUOe,0.8617631846470447,dOdFyBPOOpsWYQBEpGLOEENOIzHVZz,4,2018-04-14
8d625b06-20e3-465d-993f-9dc2b013a650,70d157a9-8654-474c-a039-385c37da1734,0.7694985116549787,sLwcWBkWRedY,0.17161243621125122,oWjUGxkJctCfxnKnmQQvCOqwxxwjHl,192,2018-07-03
4044a26c-f217-42b8-b06d-184cee652139,ce90403f-213e-40c9-8751-c2b398074252,0.0058577851058838615,GnAhckvxHSbm,0.8817580217939001,upmVQAXACPGabUmdeIyPfXtlHhcHPr,461,2019-07-10
34374232-1fb4-42bc-b326-b306b910abf1,df0e697f-6a3c-4512-b46c-8e7e0aac9061,0.6674898417923717,WHielZbpQBVx,0.3974037851342219,AwkOLdqwNInwLVqRSZrnhCtOQNmfQv,293,2019-07-24
44162916-c349-42be-9d75-9ac8e3175486,7c0d9b85-55ea-4dd3-9360-4c853c702a73,0.7813851547476738,AfaUEjyzoOAm,0.35960813892336063,knNowoVaRbGmABghunNllZdplEIYXg,127,2019-11-04
77a143f9-b2bb-4004-9967-2451b58a5003,0c27483d-776e-4c78-972c-d6dab914fff9,0.9254729258088341,PGDYMEjFVuyT,0.117389603514371,UufXtQcHpqwZeGlExRmQYApGBREkki,412,2019-08-10
bc1c802e-f3bd-4730-b3de-f3d931fd5499,abea4727-d6c3-4582-8b24-95e625b582b3,0.28180922815501086,jEKxgwecuTpc,0.7235852510301479,jHIzgtTOjrMEbqJEfNylwjLuGaTGwh,233,2019-03-20
3d2b98fd-d2eb-4a72-a4a0-05e9419f3333,a9e481f6-7c06-4625-b82c-218acd3565eb,0.8967989202287999,yeXviQVidJIa,0.057943740448783254,ZwWUmSdVbbpsmHKfzXFwHJKirjBNVo,245,2019-04-06
82f1be4c-adca-4110-ae1b-3b8ecfa2a0d9,70f70230-70d6-4aff-96fa-99fb57dcb2e0,0.25119339372549687,oaOxtpieVDfC,0.508462874442788,uArIsoNAtMNSbCLIizFsotXOKNeqVL,30,2019-09-13
85f47fc6-ec6d-459c-9ddc-b40640c35c4e,5f2d3a4b-6dd5-41a0-a2e4-2d2aa423914b,0.9186596351829459,rHyjSbVUaOAS,0.2287408950225076,fiXNQcRdwQvEgvVreMeQExmStjRRwv,402,2018-07-22
f63e7caa-009f-483b-bf9f-332e5fc39ddc,a78c8622-77b2-40fd-97ab-b10fc6667dda,0.657388445879446,tGsKLGPHukdy,0.2981024599428951,HLtpGLUJLwUlqFMZOgtSmqjwPzGgXj,241,2018-12-29
08c7f239-13bf-4f6e-a270-1f19a1dab407,54903565-6e7b-413c-b571-5ada474b47aa,0.9941025755194591,ZqkhOsiFiRPt,0.0030128882933462275,VAbbdDFeSsbVAgcCjdJKIBCLuVWbdC,338,2019-04-03
dc93ec09-53e4-4805-b22b-2f1e022e1572,73f47609-88ce-44ba-8fcc-387b7634b27b,0.907625934822373,hBXebXctsBzq,0.650395239553512,twKnmHSuPxWmWpQBikYIIpKrLxbYkg,197,2018-02-15
9b07f79f-0b12-4972-b355-2f12007774d1,1c226aa5-b4b1-4bec-8ce5-7e503e35e512,0.0055943451057227644,vAviHgfsCJgx,0.34586076754011885,goDqmEzIJpVfLDhRnMgjQezzosCNqu,366,2019-06-15
6ed19b1e-1a56-41b2-a539-1ea5f04e4d98,f33705ba-17e9-4d46-bf63-10470eb6c07b,0.8633019947771385,NaaMdyONpCtb,0.18109907300748018,SdYyCcpjYdRZDujHCtCZFysYWtQjDp,184,2018-01-10
57679d35-7c81-4b2d-a580-c9271908a530,d1eb97f4-22dd-4714-a330-730834c1a1a9,0.4313924625524491,fgWJStfpXqrm,0.5939859428493333,wZIhzjUZctSURRHOrhMWniFsHntjHb,337,2019-12-05
84d58a7d-0694-42a1-b108-67135140f153,c136e374-2d19-45cf-bd4d-0e41129e81dd,0.06347723112164938,yBxpHijZTmjA,0.5951334599749786,lVfpluSvHEWTlBKArYZiaaRojCJcxo,201,2018-03-03
f6cca117-80ba-4c09-a871-e1f6495e3d4a,95afc0bd-39f8-47f8-8049-cd3c949e91d4,0.6218336913235613,FibsiVJzKTPi,0.5277526246446247,ECmljiCpQBJoQzHehqEXxJPclkmFfP,317,2018-01-04
bbe0479a-efc0-4d5f-9fc7-2ff86b800443,91c2f3bd-7d02-4d65-bd98-6255ea557454,0.9881843759398578,vXyeReLuPAAK,0.61592198686713,GvlUqWUYdMXuzoJoYFrzwkbFjSeKVq,480,2018-01-27
5322dc89-e55c-4f24-a907-653023b95725,d75422de-7093-4f1f-aa31-f330913f6aa0,0.08441277052315144,fJQEIAIwrOGp,0.7945322070491071,hYOOBMrQWTjVzfijbNvDLprpIgXzWW,176,2018-11-30
42b997e9-c523-4da1-a816-9fac77ff781b,f669a14d-9332-47fc-82cb-0f1fc5626294,0.11456246860335662,lrxUaDmpOrZy,0.5616109587084767,yMTdaTugexGeGBGwVlLrzsbUWHcBel,486,2018-09-17
81f73d2c-da6c-4119-bef4-40881a485a45,4dee999a-30a6-49dd-b82e-bf7ccd4626e3,0.4948249427831154,npPaBnQDYHib,0.8383893640495649,msxPxEWByKsrZomXAJvmohVuIAuOWo,486,2019-04-01
2c477a3c-c697-4b51-a74c-992b2a0b6a59,fd245261-13ca-4eb1-a007-c5d709701730,0.9975741874888134,xlhMzRzZaHDq,0.00846593490151415,eyAfFDPlNpUcMcCZDpxyEGTHpnwFeo,401,2018-11-14
1aea8034-92a4-4140-b662-c5585bd1fb0d,299f9a3e-b0f0-4c80-b506-eea3cfdb7c12,0.8387315219900314,CyOAALMhXMMh,0.13648245808053994,bdIQrkjJFRRfoEizXLJRWjJycGrDZP,317,2019-02-19
5d9cca8b-ee53-4cf8-86c2-a126d6a9e215,2f2131f1-13f4-48e5-9f4b-db1480ec73ac,0.946656184233697,SiUnNpcHjikQ,0.10839164841171423,RMzPuJQBRqzMHtGDgNAclCiMabrakS,6,2018-09-10
cf151a21-27f1-4c2a-981d-d97f7a2780bc,8ab38df9-9f29-4ba0-a143-5e53a2e8a57b,0.05567317734777777,DbHGacBYCaIL,0.8070538231846107,RMWDCFPERbXoLFftSyCpEXDJIpAbSV,383,2019-10-13
0870a3ea-41c1-4cf8-bd51-99fb1e1ea36d,c89e2e29-f48d-401a-b3a2-bc53e8b5c4bc,0.5124276017376014,vuZTxtTkgYyw,0.6135193106156139,DvejVSGEqobITXqRdbkEcMIhGtRNda,477,2018-08-19
ba1f77e3-a6d0-4f4f-92bf-11c4332072f1,254acd50-fcc8-4a2e-8367-5bed4826cfbf,0.9410342350746118,abhDuOssjfje,0.4437059442254674,uVvpKeYeWWYiRFAQjcwgQvPbQiCazE,14,2018-04-28
06c882ad-abd4-4d04-a45a-aaa904c114ac,a12d9660-fd5a-496a-81c1-76b7850f88fb,0.9100387211154505,xwALJTfqelDC,0.05733660918847794,umjiyMBiqfuhhqhQxPgfaIbmYySTnY,267,2019-10-15
87ee9908-38af-4eee-b863-93d29228bed5,37c32e73-fd0d-4205-83e2-079a57e6e6c6,0.8642751456369423,BXmJtdCVGMkL,0.5887969911517832,rPSSCjHGQXZDMXpkIPaBRdwLTixBHz,19,2019-06-14
4856f8d4-7339-4460-ad8f-4f071cfdcb22,2490050d-a009-4ba2-9ee0-9119fc8d325d,0.4271188831455941,vCNCyqdZvhxG,0.05685090435154849,wvxdZvxzvOxPAaoTPvNmmvtbDKxnzO,120,2019-04-24
616940b6-0017-4585-a618-261f3d5ca31a,c5adb572-a67e-4b1b-8181-fa2d8f6b1366,0.7523024268901862,zogqQakpGQWy,0.31546366171260165,KsUqAkpCMGXPuSVaaEMPtIQkiyrVTX,382,2018-04-12
d258514b-7382-4309-9e70-ffc389194ac0,409997d7-391a-4fdc-bb6c-79a0c1f19ce9,0.5544723663096106,BQpRIHmwdbMT,0.2788972083111675,RMLpTUYGDBkCDViqergjagVPkAsKAW,35,2018-06-24
030f6ca5-07a7-4130-a082-824cea017cd5,e5e1667a-5736-4571-a1be-964ea92bfe2a,0.28657004224731264,acmqPWAXqgfD,0.14993066845634295,pvwHElfFYSmSkUvejHgJPCwZFrjvxj,201,2018-01-31
cfccd082-0de7-49a3-943f-0e2473345742,e8593f28-4e99-4115-b018-5bad952e9768,0.7390545188260489,JwwzXLwlqcRW,0.16883554455087557,qYNHQlvrWAMOHkZzWlVSRtTbTklMMM,39,2019-03-06
e5c344be-ca7a-4f16-ba50-4f58048c7de6,b2d0291b-faef-438f-a4cb-7a0ffcaabe53,0.24092622756710258,QYtbUrRgaGJF,0.7054484227651707,vgQTakhpMhbLAjVOmiyKgwOsqEQRKC,125,2019-10-07
d78d8e2d-91e1-4ccb-86a0-20aa10480bbf,6e3723f8-c4c6-4467-b52d-8bac3ee1dea2,0.37546741598927036,nOKpvbaqvPjv,0.7649950831279817,vxcdovBStWdwIMgCnKZwLNkcQcdwXF,447,2019-12-07
7452acf1-990d-42e9-9a84-7f3f7b5feaaf,d7d4bb0e-3ea9-48a4-bff6-1be4759eaaf8,0.24876550818791165,lXbRSoJXIszA,6.218482148925286E-4,HyROuOkFvBgiGdmwgWYnmDRsZZVMhZ,102,2019-02-06
90623a79-9bc2-440b-9a9a-4dd10e15448e,d683f310-e05e-412a-a9d0-f34ae0532716,0.6633197707222607,TQSDXhZBRnCp,0.6443028860593663,jWpgfUApYmmZaGjWAJISHJmgXxCsSx,196,2018-03-20
56ef9bf1-6d9e-468a-b6b6-8379552a8c58,89d712c4-9bc8-4991-b001-cb0a48385064,0.6398525721367275,UqqYjhIaHVLF,0.7473238000286876,AqSPIcnyZpQCFmOsBdZUNNMeoBUjMe,306,2018-04-28
4e6c67bc-2d44-460e-84b7-b2cc11d86531,a66a9576-a7cc-43f5-9cb3-a5847e5158e2,0.2792173258328007,zQgujsdkGJsG,0.13328139617160872,pnsWUKWfTcdhWHQuJlaQhjICwhigVV,290,2018-09-22
feeda2b2-a8e2-4def-bec6-c7c8428ef3e5,e95861a8-eb33-40a5-b543-18d840570e87,0.2952582685352332,YciYoJUvkdvx,0.7262709169835035,WqbihskkHWtoSwEKhgpjZvdHjTAXit,440,2019-10-09
1bed1052-da15-4fc8-8d0d-173374a6d3a2,36f2f0cb-ae68-4a65-bdee-2315973a9488,0.6629028918729261,wzJwwtDsmPSi,0.5348861034507476,IWqIKQxrTPPQmNQCJYOzSkNZManzjB,306,2018-08-17
1098c992-7003-400c-ae0c-64d29e34b4a6,1bef98e4-9407-4ed9-82c7-fd7cdfe047b8,0.8497060306523205,zKjVyeiaOHJO,0.6737721576595278,ABBapRqQtTTSxfqyJKRpAJIzgXqSJX,2,2018-02-01
8d3d2a8b-4c99-48c4-a7a0-b327af08603b,913c8a8a-976e-4c9d-952e-2eff0f01b178,0.010022806512619553,QlaMdtsdxsLl,0.27823023151512194,WOqkXBANTyjFxmxkNUfIvnsNVsuReH,406,2019-01-10
ec1c9690-44de-4177-943e-29100ce086b7,246f0bb4-4399-45f0-a2c0-8fb758fea507,0.335007950309579,xucYtfOHLpBk,0.0884751013432411,oaacGIdxfYjdZeANvkniNQwTWdVzrP,222,2019-10-12
6bb8432e-787a-4257-b8c9-8a1080f78193,43442b94-c3ca-475c-a437-b206534cd950,0.6325262761927148,rTrrDrMaMtHW,0.5459918515923996,JCnrNPSLidXJlsSpNWsyLvuqVuhrHH,458,2018-11-23
951ab35c-aef9-41b3-a845-49846b638f05,89ffda23-aac0-467f-8a85-573f7520ff95,0.5919820960228961,nIPfajwBsYvw,0.870317284842391,XzkmoxqiTwkrxeXKSaefoRBHtBWhuA,392,2019-06-18
252e9e21-5eb0-4a7c-99c7-af514e62a7c2,45002767-8a24-4034-9f19-dd368535f8d7,0.7245374860119523,SqopsjOVhXvL,0.9027257802770855,yHHQhqvuZhEnNzYvYeyhiJhIcrMETE,229,2019-12-12
0896251a-45f8-437f-a52b-c5a3a85d2b24,5435ba84-03d8-437c-9f31-ca847fd08367,0.7384824690254757,vTMVIwXnEEoA,0.44565735429861186,LGgPARjPLmHdKqBtoSsjTfrcmPGHZK,19,2019-05-25
db5530ab-8fa3-4df9-9b8e-02707bcdc698,d36129e4-0fb3-44a5-8195-a00568d853ce,0.042543309190385514,UupPnTzRtxgq,0.5075890255934474,uMjgJIHWkdeTDYwTfZBcFfuflvpTlr,388,2019-03-06
83100445-da33-411e-ae95-33e9858e1fca,f92e6f80-978a-4123-ae2a-f1e460940d81,0.5391945605090542,EuiODuHohcbn,0.27611700035486775,XdCGGZjmNDPePQFwdjAydyhTHLSkze,464,2019-10-29
89151f3e-9393-47e7-8f37-07ccf76f65d1,5a35c105-0bbc-44c8-a48d-a3c53419ff6b,0.8600884282730621,gLItUMkoXALW,0.446892951987487,GPjneICUaNjloZgSNyvkkSOxNLqyHT,339,2018-01-21
27864a4f-ce4b-4882-a74f-479eda4e7abe,73f7286c-7a61-4295-ad9a-474ac9f0ea73,0.37378474429514263,OVnzrTdxiuyQ,0.7019436749934933,AZGvWJTEcMkEhxQWcehrNcCHewelyt,301,2019-06-03
146fdd21-8181-40d9-8aca-d42a0cf5fb74,7d10be85-56fd-4cde-9488-4227ee3af8ec,0.4298663745945639,fFqGkxHhpFek,0.8152357547703393,TtFpNkhVxSfWSYaDurKouMYrETCRym,387,2019-09-23
ee413203-ce4d-48f9-8d0d-795fccfe5693,d8296bb8-9e32-421b-ba65-1203eab15a63,0.24107031633803833,CRtXKdEelKUL,0.1363621766428672,FjzZbKTJSbNXYUOsNSboFXfmksQDoP,195,2018-01-21
e85e53c7-a92c-4878-9716-3758cd891ca9,f1ac0204-179b-4ad8-9445-a5ca39be67ed,0.6197089678984188,QpdJYDpIeFrN,0.31915281784153127,sTFGDZfnWZZWHNscEyznrhjcYMkrhG,473,2019-05-22
f34e0715-3e8b-4113-a138-5c1cd33bb1ec,2e1d499b-323b-48ad-81b9-cae87df74ac7,0.23948287897374543,RFEMBDjvyXov,0.6584752583811995,jJFodRmMnQbHrNaEzmyuYJFGRxfLKE,123,2019-11-25
744da3f6-4da5-4221-8701-8fa366de4722,d3076ffc-83ed-4aba-a290-991aa17d9613,0.7551972673460472,oZJBtCKbnkaM,0.6504195018234133,XAAbcYJlUMedpkENCimXRNOjKkNwYX,229,2018-05-17
3145ab42-727e-442b-aca5-8d2afe33e6b7,ad5137da-96df-43a4-912a-bc177c1b73c5,0.5067770580332653,bHbHyTRaJsoJ,0.6517646405275623,dolOeTvUjSLwSrMpPGNqrCrulDinDf,185,2019-01-05
87225617-608b-4117-93d0-dd95d5d060cc,52f94e8f-f2ba-4356-917f-7d0d73bead64,0.8193391545693699,TuVLltrtFmyj,0.5784942442873027,GPUkSCvrDJHmZPvEvWTifqZzfooAfb,445,2018-08-29
9d0642b6-ec00-4ee5-9d58-a2a4d63afe86,0e0a0ac7-2dff-42f7-a75f-0920e269d13b,0.7864069170758127,WiKjtAmXijFo,0.17155091829902513,hBSzTQKFPtmxuMdRSWYhXoLOHrSOjM,98,2019-09-06
3b4e0097-f94c-4321-964f-7add755ddc56,f598f95a-72fc-4ffa-939e-a402535a83e0,0.038629709043787264,CjPMvcrTTmsu,0.5923805017941927,keVsLxqFFXlCtteReeQdQZNDYsvQsz,64,2018-04-08
895d7a2c-4b0e-4823-8ca9-c9d88b595f8c,470ab331-136c-459d-ac5d-e78aefdb01b8,0.7490008868171031,YmQnKtWNaXjP,0.20577845828432573,fRTqUpuFLACsTZVumvXVvWdkLGUQTN,53,2018-08-07
f7dae86c-06ad-45fd-86f5-8e8a2c41d2bf,62646792-4323-41e9-946c-cde30eb468d6,0.2922702413320759,TXPkSYgVrRqN,0.10996758496183034,qaVtvRXHQrsItHxSnRuSmVgaGNlICB,70,2018-06-05
07dab339-b251-41ff-b85a-45fcc9705988,d94f6670-59e9-49fb-86f1-683533d5f868,0.807645339889239,JvIKmzjJXXQU,0.3765369478880567,JAADmsDCxGuSkWXFnBmZVoOdpKjzKC,54,2018-09-01
63627389-5464-4909-b432-32ff9a0a8769,464ae15a-c817-48d8-937e-d7d7473b66cd,0.8564147144130677,XQutKuNLKNhp,0.40845776679014634,YmACWoYRxNIKHnUJRJDZLlVGgefhsD,496,2019-01-09
a55ce116-7c8d-4987-bc7c-607492a30b4f,2541ed22-26c6-4a65-beea-4a31da6e5b8e,0.14079864202112047,jSwfcyEUceYp,0.8026585500372294,lbqhiCEzvQZcblVGBKtwpRXrttEueH,103,2019-11-28
50e7f878-ba79-44b6-9965-692e0f603a2d,0636d229-2543-4beb-816d-98d3570ad917,0.08233731222290608,ZCcvveuhAVXW,0.49725828421884,bHWAGgCXJdlnCkrCcqOJRVNdxogFYn,275,2018-12-21
871309f3-a73f-4b19-a73c-30fa2241512a,4fb67bc6-75eb-4906-8c24-4ac2291248d0,0.9010871744478894,PihQyvRuIXRS,0.6728004761136163,OuXrkIAuDhhBttWbGdVsqRrEMIeoZT,416,2019-05-15
4b007a3d-9644-417a-9e5d-41d55c29aa61,1a47f69b-45cb-4e89-8b95-3c0636285f41,0.8204273923978229,ojfhlngBMyGB,0.4465504227402002,YXZOExOqtOlQyDVaiOMkfDbXRTXUsO,136,2019-12-15
0e663890-e530-4cd8-8006-75dbd23708ad,255325fb-1f67-4b02-893f-c96467045a49,0.3942007918008791,GDUouSPCFUEI,0.4041495571792225,OpewBWLnnnpLAtrCWvxmImLerTiGjv,211,2019-01-27
1c842251-4b6e-4bd9-9048-896eb499a3bd,8c0a5b29-bf33-473c-a226-9ee15498750f,0.466987126501923,VmDOULIYHirs,0.022183483810721993,NWFRGaGmWOvNlqRGLkSDBGmirptnTt,461,2019-02-07
f6996201-f620-4d73-a677-1cd602057355,bd912025-dfa1-4c0a-8628-2559ca7404dd,0.12424447531215488,daqvazmKzsWL,0.43803660985137627,ZLSHMOTPMIDCgrIinHghLFBxUtukcK,278,2019-08-04
3ae2cf40-d217-456e-9949-c2de61bc357c,947aaf45-2e70-4968-a043-c2588b837be3,0.5863648886807157,gUSciIIyyNjJ,0.4737571854855116,BBShsuhVBSzkdYcbOWuJmOWlErGszK,242,2019-08-27
f748503d-3fd2-4945-8042-3489b408971d,09925577-99af-4334-b7bf-baf7540761ce,0.6132255990921073,LrwdNBTCmuFN,0.25479524201434,KaIEaqndGvrgwhqwFyOcgOtvcNgwsx,4,2019-01-27
e028b814-6334-4586-b377-40467d2ed179,8f8fd86b-776e-454d-a464-c02a0bd155b3,0.4333793310099392,QdTeDHariObH,0.6424729371188324,NkfZTeZhyWpmmelHXEUvLWthzXMdQE,384,2019-11-17
d40bb746-276c-471f-a436-ed6269a46975,7b9f59b2-118c-4cf1-9d25-793d9ac5883e,0.23512036072724252,zAQkhvPOjviL,0.2063087870562953,fJXDAIKtHscOTjBWCPMVfcGIpHtprU,303,2018-08-26
e3e73660-78ee-4f14-8468-5228cd9b6398,c9e7af0c-e728-4c09-8878-f5f542983e62,0.8836910539931335,eGxHxNNbzZHY,0.6370135985591939,rRUCnvTgsUuGWGpOhXpnYIuIOWRqwB,480,2018-01-11
05d06ee7-477f-4710-b8a1-4fd5d1e310b6,db683b4e-4e28-4c75-8df1-ff4521eaf029,0.44413052686978804,AKsuHpAzMNkT,0.5769572904494615,yNvqQiYBOjTrwnotTUfzsxjtBJcSNe,72,2018-04-26
cda98df0-1a49-434e-b885-8681683400f3,fe37ce5a-20cb-4962-a437-b5eee05a628e,0.10434807142817426,teVsXSYDeUER,0.25343077584755236,LCvydlwwEMiKkHnldpECGrOWcUqzQK,247,2019-12-17
37df361b-de33-4b8c-ab75-11559757d36e,36248e8c-e409-4562-85d1-4a11dfa49371,0.40725277271417637,ucNTavFtVZEb,0.7845835908510316,owtYcxEnkspexHPfIOSXPJxkSynsTv,461,2018-10-29
7ea47f3b-0382-4e15-b1ce-b1f240f6960b,782650e3-91fc-443b-8f9e-88089f4d69d6,0.2592785761774291,pAMOzVetpuTl,0.5460791124891254,ObSACVAtAiShIVQLjCMySnpAUuPGGt,166,2018-11-27
3f3829f3-8cf6-4f26-852f-30ab595e8c29,c6328c30-07ed-40b1-b426-c79125da7c4d,0.9902819138294395,lxJqjOIxXiom,0.15798726664504836,NVTVEdTixPXOvQjVkULjnxHcBgMwqO,96,2018-04-10
c688ab83-ce0d-4841-ae60-a1635df5666e,4bcca111-cfdb-45c3-920c-ff86dae44de5,0.12548280220625685,cyNNpoNnuGcK,0.04076605124822241,xwJfRWAefOzZxvfVgqiPabkEOoteSO,97,2018-12-10
d9e5b906-8783-4fb6-99d6-9915ce94031a,cc2eb925-09c6-4a36-bf72-2a3e865ebffa,0.9535363986971335,xQUqJWqapNKx,0.6999634243639534,KbXIzZktUbFaycxupHANyMeifvBQhS,201,2018-10-08
f52f0ec7-6bbb-445b-b1c8-b206088b7dd1,156a11ed-f094-400f-9d80-773ea6eb5270,0.6445595339271332,DxAXjBBfsccP,0.6772693964371402,wggTQBmpQAxBuaBvBCqjlYSaqoqHOy,386,2019-07-13
1734daba-599a-4f93-91cb-316dd0e79f19,2becb636-4409-4258-a2be-60b45617590c,0.29586346472183156,JUbYKpcrGDOI,0.3232570372450261,xNIGfMWopeAdKecvimoGuCXwDusIIi,198,2018-12-23
429fdc06-c699-4fcf-bbe6-dd00e7a8c227,5bffcc8d-926f-43eb-a9ea-90bd8009b6d5,0.5779507102627389,YihyBWTYamrs,0.8640241453172243,scTfvOFDdahrnRlBMzAueXYKtXqLvl,401,2019-09-21
86d71dfa-320d-4586-861f-692bf156884c,aee4c402-bcfe-4946-99de-da9431382893,0.41183245272101776,ZbVxwYqvdEyX,0.039502074365697415,WGtPuvLfbHOJPSVmRsObayyHFQFlEi,436,2019-01-14
d0e0b5ea-0c4f-4ea7-a61b-8cfa556fead4,34121630-1e58-4ae9-bce8-3db5607258ec,0.3530070510684703,RXmWvNUFoten,0.3229189083146998,xbhWalVbebqmNHlcCiJatdMJVfxYAn,142,2018-09-14
a1eff5a3-3eb5-4f70-a4e7-5c8b75f71f25,d7e6279a-eaae-49fe-aaea-07918e023381,0.5046963537257122,iZisozXHGXjH,0.9275807677824471,gxXQOHkzkLuCvdZhZrsLOdSVeputLQ,194,2019-07-17
30381b57-8f35-46f3-8728-f9d98d0ebd9c,e5b8db3a-f135-4db2-91b3-5215320094db,0.17593131520501537,mLgqpnwzPBlD,0.8965930251650424,GBuVvFHYFLnqhKVtgSoDGbBgnvvagn,238,2019-06-07
ddab705a-e737-4f8c-b936-bc8ee5f6b6b8,a4e6a24c-7fbf-41fc-9c75-b1a70cfa317d,0.8261413648491086,JhxrWAjlXdiZ,0.5946117948622146,rclYqJluLHPAuuaGJHVjPIWZQEQZKv,155,2019-12-07
264b37e7-707e-4a88-a097-327156250d71,9c2e9a39-feea-467c-a26c-26edf84b934d,0.8366421521896361,EkiMHbAdHcAi,0.7766478164434426,IBFJtBXMakhjltEploWdIIAsrQKTix,238,2019-10-30
d2a695dc-2098-4ec6-90dc-09c1de6fd294,2a932e11-ce1e-41dc-851a-260c43261f7d,0.7567490889549169,MYJkPrwKWMad,0.17854194046686245,eZWykDAHdoipXUtvvqoNNpUDrYFGLw,234,2018-09-26
f601b768-1673-4903-ad71-8b4c960ea7bf,425d5821-a93e-412f-89b4-5a3f8723a804,0.6222072557772401,iAbemlHvRsEw,0.836077130212964,hlaLcyqzPjgYDyTsUzNgKryElenipO,423,2019-10-15
39bf38f7-25cc-4bb6-97af-1c4da1f2cb2f,c9309ad0-572e-4ff3-958d-de8a365d0f77,0.45654815578039454,mZHWxhNJwZCw,0.41062621457136517,ngxEuGvpSsZyuABTjIXlLrUoICGUWD,354,2018-01-15
852d1f54-a7be-4d6e-9366-0d9dcb60d19d,d4e9bfe2-4587-4a52-9eb6-20a320cd785e,0.07524005523261068,WGfJRjKqEjLq,0.7423611732793132,dDsggPIgAGuFiCaYjTViaKeRRIRZIQ,258,2018-04-30
3805bfa1-c635-44a4-a2e1-88012a926e8e,9f3f046d-d39e-4bb0-a5f8-2506ded2e545,0.2834853981929164,VLhgLGbvikwr,0.34661598447152087,xESEPFaKmHVAJtNYwRUpmbaNXmNNCL,190,2019-10-10
c7a71695-a045-4c6a-9944-aecc151c39ac,fa26f3ad-a6b5-413e-bb67-459f5d32a339,0.015123555358542484,AzmxHfBhgOiN,0.5144428723544353,cLdlYsvHphOTywmoqFtgrlbiUqjVFd,255,2018-10-16
24c6a6b0-98f7-4e22-b300-ce151fb16a76,e283ac5d-50d1-4639-a85c-e17dcd3f7c1a,0.7679694111606871,hUSIpknLSIul,0.5043245754983823,LwyzWzsWFPktghITZRRCLtLNTjmrNy,141,2018-05-07
32bf4984-f463-46e3-885d-2c234b689457,79066309-0112-439e-bb0c-d39aeebed6ec,0.49950413943722605,kKHTGhHmByqV,0.2644587782717841,wyzTxdnsPVJIfCNFlrLjtKgMqPzOqG,330,2018-11-21
42b6fcdb-988f-47cd-a2f2-503eb36abfb7,7d8adb15-1d30-4ed0-911e-466d9c8d7611,0.807375916244719,hVlpwUKThmYa,0.5319799255995653,mcPUcxYxrmjwSzQCoqeMgSOotosFid,213,2018-09-12
64fef32a-f99e-4c11-9c41-daf62e3c5c9a,cd640572-60a6-40e2-b84a-d5600fd302fa,0.5151932329299849,becOhlDsItPw,0.261257627217636,sjwtjLPnQCsDaqJTyGgiQobKSiapjX,437,2019-01-29
